State,Residence_Type,Gender,Agriculture & Fishing (%),Mining (%),Manufacturing (%),Energy Supply (%),"Persons working in water supply, sewerage, waste management and remediation industry (%)",Construction (%),Wholesale (%),Transportation & Storage (%),Hotel Industry (%),IT (%),Finance & Insurance (%),Real Estate (%),Scientific & Technical (%),Administration (%),Public administration & Defence (%),Education (%),Health (%),Entertainment Industry (%),Household (%)
Jammu And Kashmir,Rural,Female,80.27,0.0,9.6,0.28,0.0,0.09,0.3,0.0,0.0,0.0,0.0,0.0,0.3,0.0,1.53,4.68,2.77,0.0,0.0
Jammu And Kashmir,Rural,Male,28.54,0.08,7.72,0.58,1.25,24.26,12.5,6.9,1.93,0.51,0.79,0.0,0.31,0.84,5.68,6.28,0.77,0.16,0.02
Jammu And Kashmir,Rural,Person,44.59,0.05,8.31,0.49,0.86,16.76,8.72,4.76,1.33,0.35,0.54,0.0,0.3,0.58,4.39,5.78,1.39,0.11,0.01
Jammu And Kashmir,Total,Female,74.42,0.0,10.55,0.26,0.11,0.31,0.57,0.01,0.04,0.01,0.08,0.0,0.28,0.1,1.86,7.51,3.55,0.0,0.07
Jammu And Kashmir,Total,Male,23.59,0.08,8.51,0.69,1.28,22.16,15.91,7.51,2.26,0.57,1.15,0.04,0.58,0.96,6.38,5.97,1.1,0.2,0.06
Jammu And Kashmir,Total,Person,38.13,0.06,9.1,0.57,0.94,15.91,11.52,5.36,1.62,0.41,0.85,0.03,0.49,0.72,5.09,6.41,1.8,0.14,0.06
Jammu And Kashmir,Urban,Female,24.05,0.0,18.77,0.14,1.04,2.19,2.82,0.09,0.41,0.11,0.78,0.0,0.06,0.9,4.69,31.86,10.3,0.02,0.72
Jammu And Kashmir,Urban,Male,4.03,0.11,11.63,1.11,1.39,13.88,29.37,9.88,3.54,0.8,2.6,0.2,1.67,1.43,9.16,4.78,2.4,0.37,0.22
Jammu And Kashmir,Urban,Person,7.45,0.09,12.85,0.95,1.33,11.88,24.83,8.21,3.0,0.68,2.29,0.17,1.4,1.34,8.4,9.41,3.75,0.31,0.3
Jammu And Kashmir,Rural,Female,75.72,0.0,11.68,0.0,0.0,0.51,0.92,0.0,0.0,0.0,0.13,0.0,0.0,0.13,2.05,6.25,1.99,0.0,0.04
Jammu And Kashmir,Rural,Male,30.19,0.19,6.11,0.41,1.97,26.14,11.85,6.08,1.18,0.17,0.42,0.07,0.12,0.73,6.45,6.25,0.79,0.15,0.0
Jammu And Kashmir,Rural,Person,45.16,0.13,7.94,0.27,1.32,17.71,8.25,4.08,0.79,0.11,0.33,0.05,0.08,0.53,5.0,6.25,1.19,0.1,0.02
Jammu And Kashmir,Total,Female,68.61,0.01,12.42,0.02,0.02,1.16,2.01,0.03,0.0,0.09,0.29,0.0,0.24,0.19,2.55,8.6,2.67,0.0,0.16
Jammu And Kashmir,Total,Male,25.08,0.18,7.0,0.42,2.02,24.15,16.2,6.34,1.37,0.32,0.64,0.08,0.48,0.75,6.71,5.88,1.13,0.22,0.04
Jammu And Kashmir,Total,Person,38.5,0.13,8.67,0.3,1.4,17.07,11.83,4.39,0.95,0.25,0.53,0.06,0.41,0.58,5.43,6.72,1.6,0.15,0.08
Jammu And Kashmir,Urban,Female,16.43,0.12,17.9,0.13,0.15,5.91,10.03,0.23,0.0,0.77,1.47,0.0,1.99,0.58,6.21,25.85,7.66,0.0,1.05
Jammu And Kashmir,Urban,Male,4.57,0.14,10.57,0.5,2.22,16.18,33.69,7.38,2.16,0.94,1.5,0.12,1.93,0.84,7.77,4.4,2.49,0.5,0.19
Jammu And Kashmir,Urban,Person,7.08,0.14,12.12,0.42,1.78,14.01,28.69,5.87,1.7,0.9,1.49,0.1,1.94,0.79,7.44,8.93,3.58,0.39,0.37
Himachal Pradesh,Rural,Female,84.95,0.0,1.49,0.0,0.14,3.77,1.0,0.08,0.29,0.11,0.18,0.0,0.13,0.0,0.3,5.95,0.38,0.0,0.74
Himachal Pradesh,Rural,Male,39.94,0.0,7.34,0.55,1.17,20.96,8.63,7.69,1.5,0.24,0.83,0.0,0.47,1.02,2.24,4.19,1.76,0.11,0.1
Himachal Pradesh,Rural,Person,60.73,0.0,4.64,0.3,0.69,13.02,5.1,4.17,0.94,0.18,0.53,0.0,0.32,0.55,1.35,5.0,1.12,0.06,0.4
Himachal Pradesh,Total,Female,82.19,0.0,2.54,0.0,0.19,3.68,1.46,0.08,0.46,0.1,0.31,0.0,0.21,0.0,0.36,6.47,0.63,0.07,0.77
Himachal Pradesh,Total,Male,36.11,0.0,9.63,0.56,1.14,19.68,9.82,7.36,1.92,0.49,1.24,0.0,0.54,1.41,2.55,4.22,1.88,0.12,0.12
Himachal Pradesh,Total,Person,56.62,0.0,6.48,0.31,0.72,12.56,6.1,4.12,1.27,0.32,0.83,0.0,0.39,0.78,1.57,5.22,1.32,0.09,0.41
Himachal Pradesh,Urban,Female,23.97,0.0,24.59,0.0,1.33,1.76,11.24,0.0,4.11,0.0,2.92,0.0,1.75,0.0,1.63,17.38,5.85,1.49,1.25
Himachal Pradesh,Urban,Male,4.22,0.0,28.75,0.66,0.9,9.05,19.76,4.67,5.41,2.59,4.64,0.0,1.07,4.69,5.1,4.43,2.84,0.21,0.29
Himachal Pradesh,Urban,Person,9.23,0.0,27.69,0.49,1.0,7.2,17.6,3.49,5.08,1.93,4.2,0.0,1.25,3.5,4.22,7.71,3.61,0.53,0.53
Himachal Pradesh,Rural,Female,84.54,0.0,3.51,0.02,0.07,2.65,0.86,0.12,0.27,0.19,0.18,0.05,0.05,0.03,0.68,4.97,1.25,0.0,0.05
Himachal Pradesh,Rural,Male,41.18,0.15,10.97,1.11,1.12,19.73,7.18,5.31,2.33,0.37,1.17,0.1,0.98,0.56,1.34,4.21,0.36,0.68,0.0
Himachal Pradesh,Rural,Person,61.99,0.08,7.39,0.58,0.61,11.53,4.15,2.82,1.34,0.28,0.69,0.07,0.53,0.3,1.02,4.57,0.78,0.35,0.03
Himachal Pradesh,Total,Female,79.88,0.0,5.09,0.06,0.09,2.92,1.67,0.11,0.39,0.33,0.3,0.04,0.08,0.08,0.93,5.53,1.59,0.0,0.2
Himachal Pradesh,Total,Male,36.28,0.18,12.4,1.08,1.07,19.57,9.67,4.84,2.86,0.39,1.3,0.09,0.96,0.59,1.72,4.24,0.63,0.74,0.09
Himachal Pradesh,Total,Person,56.44,0.1,9.02,0.61,0.61,11.87,5.98,2.66,1.72,0.36,0.84,0.07,0.55,0.35,1.36,4.84,1.07,0.4,0.14
Himachal Pradesh,Urban,Female,16.18,0.0,26.67,0.69,0.38,6.66,12.75,0.0,1.94,2.22,1.86,0.0,0.4,0.69,4.29,13.3,6.25,0.0,2.22
Himachal Pradesh,Urban,Male,3.92,0.36,21.86,0.85,0.72,18.5,26.15,1.78,6.34,0.52,2.21,0.0,0.81,0.81,4.26,4.41,2.46,1.13,0.72
Himachal Pradesh,Urban,Person,7.71,0.25,23.34,0.8,0.62,14.85,22.01,1.23,4.98,1.04,2.1,0.0,0.69,0.77,4.27,7.15,3.63,0.78,1.18
Punjab,Rural,Female,42.2,0.0,16.41,1.05,0.24,6.33,3.78,0.0,1.31,1.29,0.03,0.0,0.0,0.24,0.81,14.12,3.19,0.0,5.71
Punjab,Rural,Male,37.89,0.15,11.21,0.57,0.36,21.47,10.08,5.64,1.61,0.62,0.46,0.23,0.44,0.06,1.84,2.47,0.97,0.61,0.66
Punjab,Rural,Person,38.74,0.12,12.23,0.67,0.34,18.5,8.84,4.54,1.55,0.76,0.37,0.19,0.35,0.1,1.64,4.76,1.41,0.49,1.65
Punjab,Total,Female,27.67,0.0,19.33,0.89,0.68,5.86,5.65,0.0,1.12,0.94,0.34,0.0,0.62,0.41,1.77,18.06,4.2,0.06,8.16
Punjab,Total,Male,23.88,0.15,19.4,0.7,0.61,16.5,16.05,5.81,2.7,1.04,1.39,0.43,0.85,0.69,2.13,2.29,1.1,0.58,0.56
Punjab,Total,Person,24.59,0.12,19.39,0.74,0.63,14.51,14.11,4.72,2.41,1.02,1.2,0.35,0.81,0.63,2.06,5.23,1.68,0.49,1.97
Punjab,Urban,Female,2.84,0.0,24.32,0.62,1.43,5.05,8.84,0.0,0.8,0.34,0.87,0.0,1.69,0.69,3.41,24.79,5.92,0.18,12.33
Punjab,Urban,Male,3.5,0.14,31.33,0.89,0.98,9.26,24.73,6.05,4.29,1.63,2.76,0.71,1.45,1.59,2.54,2.02,1.29,0.55,0.4
Punjab,Urban,Person,3.39,0.11,30.12,0.84,1.06,8.54,21.99,5.0,3.69,1.41,2.43,0.59,1.49,1.44,2.69,5.94,2.09,0.48,2.46
Punjab,Rural,Female,43.72,0.0,12.72,0.0,1.83,6.86,3.03,0.44,0.45,0.3,10.04,0.0,0.01,0.61,1.22,8.13,2.67,0.0,3.35
Punjab,Rural,Male,36.27,0.02,11.94,0.59,0.24,20.11,7.55,12.11,0.79,0.12,0.54,0.05,0.44,0.84,0.75,1.54,1.18,0.99,0.13
Punjab,Rural,Person,37.99,0.02,12.12,0.45,0.6,17.05,6.51,9.41,0.71,0.16,2.74,0.04,0.34,0.79,0.86,3.07,1.52,0.76,0.88
Punjab,Total,Female,30.65,0.0,15.45,0.22,1.27,5.15,7.4,0.54,0.64,0.71,7.26,0.02,0.61,0.71,1.68,13.8,3.93,0.05,5.1
Punjab,Total,Male,24.38,0.01,16.72,0.84,0.74,16.24,15.26,10.03,1.8,0.33,1.14,0.24,1.02,1.32,1.39,2.22,1.54,0.98,0.31
Punjab,Total,Person,25.75,0.01,16.44,0.71,0.85,13.81,13.54,7.95,1.54,0.41,2.48,0.2,0.93,1.19,1.45,4.75,2.06,0.78,1.36
Punjab,Urban,Female,3.85,0.0,21.04,0.66,0.11,1.64,16.35,0.75,1.01,1.54,1.56,0.07,1.84,0.91,2.62,25.43,6.5,0.15,8.67
Punjab,Urban,Male,4.44,0.0,24.72,1.27,1.57,9.76,28.17,6.54,3.49,0.68,2.14,0.56,1.99,2.13,2.46,3.35,2.15,0.96,0.6
Punjab,Urban,Person,4.32,0.0,23.99,1.15,1.28,8.16,25.84,5.4,3.0,0.85,2.03,0.46,1.96,1.89,2.49,7.71,3.01,0.8,2.2
Chandigarh,Rural,Female,0.0,0.0,3.38,0.0,0.0,4.37,18.53,0.71,0.0,0.0,0.0,0.0,0.0,0.0,0.0,0.0,6.61,0.0,66.06
Chandigarh,Rural,Male,5.72,0.0,7.97,0.0,0.0,14.13,13.53,8.1,27.72,0.08,6.06,3.28,2.55,2.26,3.7,0.09,0.37,0.08,2.17
Chandigarh,Rural,Person,4.79,0.0,7.23,0.0,0.0,12.55,14.34,6.91,23.25,0.07,5.08,2.75,2.14,1.9,3.1,0.07,1.38,0.06,12.48
Chandigarh,Total,Female,0.0,0.0,3.05,0.0,0.0,0.15,6.44,1.82,0.82,9.42,5.64,0.0,2.54,10.1,0.0,33.03,9.83,0.12,15.29
Chandigarh,Total,Male,1.03,0.19,10.03,0.37,0.0,9.31,15.89,6.81,4.82,8.46,4.47,0.53,4.59,2.99,9.19,9.24,6.03,1.26,1.67
Chandigarh,Total,Person,0.8,0.15,8.47,0.29,0.0,7.27,13.79,5.7,3.93,8.67,4.73,0.41,4.13,4.57,7.15,14.53,6.87,1.01,4.7
Chandigarh,Urban,Female,0.0,0.0,3.03,0.0,0.0,0.0,6.02,1.86,0.84,9.76,5.84,0.0,2.63,10.46,0.0,34.2,9.95,0.12,13.5
Chandigarh,Urban,Male,0.78,0.2,10.14,0.39,0.0,9.05,16.02,6.74,3.59,8.9,4.38,0.38,4.69,3.03,9.48,9.73,6.33,1.32,1.64
Chandigarh,Urban,Person,0.6,0.15,8.54,0.31,0.0,7.01,13.77,5.64,2.97,9.1,4.71,0.3,4.23,4.7,7.35,15.24,7.14,1.05,4.31
Chandigarh,Rural,Female,15.47,0.0,24.94,0.0,0.0,0.0,0.0,0.0,0.0,0.0,0.0,0.0,0.92,0.0,0.0,0.0,0.0,0.0,50.89
Chandigarh,Rural,Male,6.55,0.0,15.41,0.0,1.13,11.12,17.97,2.25,10.82,1.3,0.16,0.0,0.0,0.0,2.38,0.0,4.16,0.0,24.81
Chandigarh,Rural,Person,7.82,0.0,16.77,0.0,0.96,9.53,15.4,1.93,9.27,1.11,0.14,0.0,0.13,0.0,2.04,0.0,3.56,0.0,28.54
Chandigarh,Total,Female,0.57,0.0,8.09,0.0,0.0,0.0,20.07,0.0,0.0,8.12,0.0,0.0,7.62,4.18,14.23,8.68,9.58,0.0,13.93
Chandigarh,Total,Male,1.02,0.31,12.74,0.5,1.28,8.4,29.63,5.73,5.15,4.46,3.15,1.17,2.79,2.01,9.07,3.81,2.6,0.0,4.97
Chandigarh,Total,Person,0.92,0.25,11.77,0.4,1.01,6.64,27.62,4.53,4.07,5.23,2.49,0.93,3.8,2.47,10.15,4.83,4.06,0.0,6.85
Chandigarh,Urban,Female,0.0,0.0,7.44,0.0,0.0,0.0,20.84,0.0,0.0,8.43,0.0,0.0,7.88,4.34,14.78,9.01,9.95,0.0,12.51
Chandigarh,Urban,Male,0.67,0.33,12.57,0.54,1.29,8.23,30.36,5.95,4.8,4.66,3.33,1.25,2.96,2.14,9.49,4.05,2.5,0.0,3.73
Chandigarh,Urban,Person,0.53,0.26,11.48,0.42,1.02,6.47,28.32,4.68,3.77,5.47,2.62,0.98,4.01,2.61,10.62,5.11,4.09,0.0,5.61
Uttarakhand,Rural,Female,76.92,1.53,3.17,0.0,0.0,0.8,1.39,0.04,0.36,0.0,0.15,0.0,0.0,0.16,0.88,12.35,0.79,0.29,1.18
Uttarakhand,Rural,Male,36.25,0.97,10.44,0.14,0.13,16.73,10.48,6.82,3.09,0.45,0.27,0.82,1.98,0.87,1.85,4.45,2.88,0.0,0.04
Uttarakhand,Rural,Person,45.21,1.1,8.84,0.11,0.1,13.22,8.48,5.32,2.49,0.35,0.25,0.64,1.54,0.71,1.64,6.19,2.42,0.06,0.29
Uttarakhand,Total,Female,64.21,1.26,6.86,0.0,0.0,0.66,4.21,0.03,1.05,0.0,0.28,0.0,0.88,0.14,1.58,15.08,1.69,0.26,1.35
Uttarakhand,Total,Male,27.01,0.84,14.26,0.4,0.4,15.36,12.92,7.19,3.7,0.97,0.52,0.74,2.0,1.23,2.27,5.26,2.78,0.23,0.1
Uttarakhand,Total,Person,34.32,0.92,12.81,0.32,0.32,12.47,11.21,5.79,3.18,0.78,0.47,0.6,1.78,1.02,2.14,7.19,2.56,0.24,0.34
Uttarakhand,Urban,Female,4.82,0.0,24.12,0.0,0.0,0.0,17.39,0.0,4.27,0.0,0.86,0.0,5.0,0.08,4.83,27.86,5.87,0.13,2.14
Uttarakhand,Urban,Male,3.96,0.51,23.78,1.06,1.08,11.93,19.01,8.14,5.2,2.25,1.13,0.54,2.06,2.15,3.33,7.29,2.52,0.82,0.24
Uttarakhand,Urban,Person,4.07,0.45,23.83,0.92,0.94,10.37,18.8,7.08,5.08,1.96,1.09,0.47,2.45,1.87,3.53,9.98,2.96,0.73,0.49
Uttarakhand,Rural,Female,84.07,0.0,3.96,0.0,0.24,1.79,0.79,0.11,0.16,0.09,0.48,0.0,0.0,0.0,1.91,5.24,0.17,0.0,0.47
Uttarakhand,Rural,Male,49.39,0.0,10.84,0.18,0.36,14.07,8.13,4.1,3.29,0.58,0.81,0.01,0.33,0.7,1.99,2.29,0.11,0.16,0.0
Uttarakhand,Rural,Person,61.15,0.0,8.5,0.12,0.32,9.91,5.64,2.75,2.23,0.42,0.69,0.01,0.21,0.46,1.96,3.29,0.13,0.1,0.16
Uttarakhand,Total,Female,72.8,0.06,5.31,0.2,0.21,1.93,3.29,0.1,0.37,0.14,0.84,0.0,0.11,0.14,2.85,7.94,0.83,0.0,0.67
Uttarakhand,Total,Male,36.12,0.09,13.23,0.37,0.36,13.97,13.39,4.83,3.68,0.54,1.35,0.1,0.78,1.17,2.96,2.99,0.34,0.2,0.16
Uttarakhand,Total,Person,47.15,0.08,10.85,0.32,0.31,10.35,10.35,3.4,2.69,0.42,1.2,0.07,0.58,0.86,2.93,4.47,0.49,0.14,0.31
Uttarakhand,Urban,Female,0.26,0.43,14.01,1.47,0.0,2.78,19.35,0.02,1.73,0.43,3.15,0.0,0.83,1.05,8.93,25.3,5.06,0.0,1.99
Uttarakhand,Urban,Male,0.97,0.32,19.57,0.86,0.33,13.71,27.32,6.74,4.72,0.41,2.79,0.34,1.99,2.42,5.55,4.84,0.95,0.33,0.58
Uttarakhand,Urban,Person,0.85,0.34,18.6,0.97,0.27,11.81,25.93,5.57,4.2,0.41,2.85,0.28,1.79,2.19,6.14,8.4,1.67,0.27,0.82
Haryana,Rural,Female,60.7,0.0,8.6,0.04,0.56,5.68,5.04,0.03,0.0,0.79,0.1,0.0,0.0,1.09,0.37,11.47,3.68,0.0,0.73
Haryana,Rural,Male,34.92,0.12,12.16,1.07,0.17,18.49,10.73,8.07,0.89,0.31,1.91,0.59,0.94,0.93,2.99,3.0,0.83,0.02,0.13
Haryana,Rural,Person,38.81,0.1,11.62,0.91,0.23,16.56,9.87,6.86,0.76,0.38,1.64,0.5,0.8,0.96,2.6,4.28,1.26,0.01,0.22
Haryana,Total,Female,38.79,0.0,13.32,0.03,0.34,3.98,5.91,0.02,0.2,1.73,2.28,0.82,0.23,0.72,2.72,17.14,5.05,0.0,3.54
Haryana,Total,Male,24.57,0.08,18.42,1.05,0.4,15.85,14.14,7.57,1.37,0.76,1.9,0.79,1.47,1.43,3.48,2.99,1.32,0.22,0.19
Haryana,Total,Person,26.85,0.07,17.6,0.89,0.39,13.94,12.82,6.35,1.19,0.92,1.96,0.79,1.27,1.32,3.36,5.27,1.92,0.19,0.72
Haryana,Urban,Female,4.96,0.0,20.61,0.0,0.0,1.37,7.24,0.0,0.52,3.19,5.63,2.09,0.6,0.15,6.34,25.89,7.16,0.0,7.88
Haryana,Urban,Male,4.91,0.0,30.3,1.02,0.83,10.83,20.63,6.61,2.29,1.62,1.88,1.18,2.48,2.38,4.41,2.97,2.26,0.62,0.29
Haryana,Urban,Person,4.92,0.0,28.56,0.83,0.68,9.14,18.23,5.43,1.97,1.9,2.55,1.34,2.14,1.98,4.76,7.08,3.13,0.51,1.65
Haryana,Rural,Female,66.42,0.0,4.42,0.0,0.0,2.71,4.69,0.3,0.28,1.59,0.0,0.0,0.26,0.03,0.19,14.44,4.19,0.0,0.48
Haryana,Rural,Male,40.51,0.05,11.15,0.64,0.63,20.15,9.16,5.59,0.55,0.46,0.42,0.0,0.85,1.24,3.75,2.33,1.36,0.06,0.0
Haryana,Rural,Person,44.4,0.04,10.14,0.54,0.53,17.53,8.49,4.79,0.51,0.63,0.36,0.0,0.76,1.06,3.22,4.15,1.78,0.05,0.07
Haryana,Total,Female,40.17,0.0,13.09,0.0,0.13,3.95,7.28,0.62,0.91,2.51,0.2,0.17,0.81,0.39,1.89,18.53,3.87,0.0,3.02
Haryana,Total,Male,27.05,0.05,17.48,0.54,0.56,17.82,13.89,6.13,1.84,1.47,1.05,0.1,1.22,1.19,3.12,2.88,1.32,0.13,0.65
Haryana,Total,Person,29.21,0.04,16.76,0.45,0.49,15.54,12.8,5.23,1.69,1.64,0.91,0.11,1.16,1.06,2.92,5.45,1.74,0.11,1.04
Haryana,Urban,Female,5.98,0.0,24.38,0.0,0.3,5.58,10.64,1.04,1.74,3.71,0.47,0.39,1.53,0.85,4.1,23.84,3.46,0.0,6.33
Haryana,Urban,Male,4.17,0.05,28.25,0.36,0.46,13.86,21.94,7.06,4.03,3.19,2.12,0.26,1.86,1.11,2.05,3.81,1.24,0.26,1.75
Haryana,Urban,Person,4.51,0.04,27.52,0.3,0.43,12.3,19.82,5.93,3.6,3.29,1.81,0.29,1.8,1.06,2.44,7.57,1.66,0.21,2.61
Delhi,Rural,Female,1.18,0.0,1.18,0.0,0.0,0.0,3.95,0.0,0.0,0.0,0.0,0.0,0.0,0.0,0.47,87.64,0.0,0.0,5.57
Delhi,Rural,Male,3.22,0.0,38.82,0.0,0.81,2.33,14.0,23.38,0.96,0.0,0.04,0.0,0.75,2.83,1.61,0.23,2.05,6.3,1.84
Delhi,Rural,Person,2.91,0.0,33.02,0.0,0.68,1.97,12.45,19.77,0.81,0.0,0.03,0.0,0.64,2.4,1.44,13.7,1.73,5.33,2.41
Delhi,Total,Female,0.04,0.0,17.6,0.0,0.0,0.02,11.3,0.14,1.53,2.0,5.03,0.0,2.47,5.71,5.41,16.41,7.03,1.06,16.45
Delhi,Total,Male,0.41,0.25,24.05,0.54,0.46,7.15,21.38,7.79,4.56,3.17,3.23,0.73,3.28,3.93,4.55,1.92,3.82,1.0,3.46
Delhi,Total,Person,0.35,0.21,22.99,0.45,0.38,5.98,19.72,6.53,4.06,2.98,3.53,0.61,3.15,4.22,4.69,4.3,4.35,1.01,5.6
Delhi,Urban,Female,0.0,0.0,18.21,0.0,0.0,0.02,11.57,0.15,1.59,2.07,5.22,0.0,2.56,5.93,5.59,13.74,7.29,1.1,16.85
Delhi,Urban,Male,0.29,0.26,23.45,0.56,0.44,7.34,21.68,7.15,4.71,3.3,3.36,0.76,3.39,3.98,4.67,1.99,3.89,0.79,3.53
Delhi,Urban,Person,0.25,0.22,22.59,0.47,0.37,6.14,20.02,6.0,4.19,3.1,3.67,0.63,3.25,4.3,4.82,3.92,4.45,0.84,5.73
Delhi,Rural,Female,22.26,0.0,1.33,0.0,0.0,0.0,41.13,0.0,0.0,0.0,0.0,0.0,0.0,34.71,0.0,0.56,0.0,0.0,0.0
Delhi,Rural,Male,6.08,0.0,9.1,0.0,0.0,9.46,30.14,20.62,3.34,0.0,7.4,0.0,0.44,0.4,0.39,0.16,6.17,0.89,0.0
Delhi,Rural,Person,9.61,0.0,7.41,0.0,0.0,7.4,32.53,16.13,2.61,0.0,5.79,0.0,0.35,7.88,0.3,0.24,4.83,0.69,0.0
Delhi,Total,Female,1.05,0.0,12.99,0.0,0.0,2.87,14.34,1.13,0.55,3.85,4.23,0.0,2.84,3.97,3.55,22.98,3.23,0.56,18.75
Delhi,Total,Male,0.26,0.0,21.85,0.17,0.11,7.69,27.91,11.68,4.47,4.04,3.08,0.33,2.82,3.68,3.75,1.79,1.95,0.62,1.02
Delhi,Total,Person,0.38,0.0,20.49,0.15,0.09,6.95,25.82,10.06,3.86,4.01,3.25,0.28,2.82,3.72,3.71,5.05,2.15,0.61,3.74
Delhi,Urban,Female,0.0,0.0,13.56,0.0,0.0,3.01,13.01,1.19,0.58,4.04,4.44,0.0,2.98,2.44,3.72,24.1,3.39,0.58,19.69
Delhi,Urban,Male,0.07,0.0,22.25,0.18,0.12,7.64,27.84,11.39,4.5,4.16,2.94,0.34,2.9,3.78,3.85,1.85,1.82,0.61,1.05
Delhi,Urban,Person,0.06,0.0,20.94,0.15,0.1,6.94,25.59,9.85,3.91,4.15,3.16,0.29,2.91,3.58,3.83,5.21,2.06,0.61,3.87
Rajasthan,Rural,Female,82.4,0.13,3.65,0.28,0.12,6.85,1.76,0.17,0.2,0.0,0.0,0.0,0.15,0.03,0.33,2.87,0.84,0.05,0.0
Rajasthan,Rural,Male,55.72,0.95,5.13,0.5,0.07,16.31,6.42,4.9,1.49,0.25,0.52,0.0,0.5,0.61,1.0,2.57,0.54,0.66,0.03
Rajasthan,Rural,Person,64.73,0.68,4.63,0.42,0.09,13.11,4.85,3.3,1.05,0.17,0.34,0.0,0.38,0.41,0.78,2.67,0.64,0.45,0.02
Rajasthan,Total,Female,75.2,0.12,5.38,0.24,0.41,6.46,2.34,0.29,0.34,0.09,0.14,0.02,0.23,0.25,0.57,5.46,1.27,0.06,0.41
Rajasthan,Total,Male,43.05,0.98,8.41,0.54,0.24,15.47,10.5,5.61,2.03,0.76,1.17,0.22,1.03,1.28,1.44,3.38,1.03,0.62,0.08
Rajasthan,Total,Person,52.73,0.72,7.5,0.45,0.29,12.76,8.04,4.01,1.52,0.56,0.86,0.16,0.79,0.97,1.18,4.0,1.11,0.45,0.18
Rajasthan,Urban,Female,21.96,0.0,18.24,0.0,2.59,3.55,6.58,1.19,1.39,0.78,1.16,0.13,0.89,1.88,2.38,24.59,4.52,0.18,3.43
Rajasthan,Urban,Male,6.18,1.06,17.96,0.66,0.72,13.05,22.38,7.68,3.61,2.25,3.06,0.85,2.56,3.22,2.7,5.74,2.48,0.49,0.22
Rajasthan,Urban,Person,8.81,0.89,18.01,0.55,1.04,11.46,19.74,6.59,3.24,2.0,2.74,0.73,2.28,3.0,2.64,8.89,2.82,0.44,0.76
Rajasthan,Rural,Female,81.27,0.01,3.62,0.04,0.1,10.07,1.29,0.0,0.45,0.0,0.15,0.0,0.05,0.04,0.29,1.53,0.71,0.0,0.0
Rajasthan,Rural,Male,55.95,1.39,7.66,0.41,0.21,15.25,6.33,4.69,1.33,0.23,0.2,0.02,0.76,0.69,0.31,1.94,0.46,0.33,0.11
Rajasthan,Rural,Person,65.52,0.87,6.13,0.27,0.17,13.29,4.43,2.92,1.0,0.14,0.18,0.01,0.49,0.44,0.3,1.79,0.56,0.21,0.07
Rajasthan,Total,Female,73.29,0.01,6.57,0.03,0.36,9.48,2.76,0.04,0.69,0.01,0.3,0.0,0.68,0.21,0.52,3.26,0.84,0.0,0.18
Rajasthan,Total,Male,42.77,1.31,11.34,0.41,0.62,15.31,10.91,5.79,1.72,0.46,0.67,0.16,0.98,1.1,0.92,2.39,0.66,0.44,0.14
Rajasthan,Total,Person,53.13,0.87,9.72,0.28,0.53,13.33,8.14,3.84,1.37,0.31,0.54,0.1,0.88,0.8,0.78,2.68,0.72,0.29,0.16
Rajasthan,Urban,Female,13.46,0.0,28.75,0.0,2.34,5.1,13.74,0.37,2.5,0.11,1.42,0.0,5.44,1.48,2.23,16.21,1.8,0.0,1.57
Rajasthan,Urban,Male,4.04,1.06,22.15,0.39,1.8,15.51,24.35,9.0,2.87,1.14,2.02,0.57,1.65,2.3,2.71,3.7,1.26,0.74,0.22
Rajasthan,Urban,Person,5.85,0.86,23.42,0.32,1.9,13.51,22.31,7.34,2.8,0.94,1.9,0.46,2.38,2.14,2.62,6.11,1.36,0.6,0.48
Uttar Pradesh,Rural,Female,80.53,0.0,7.66,0.0,0.29,1.26,2.5,0.03,0.31,0.0,0.03,0.0,0.06,0.0,0.51,5.37,0.45,0.0,0.05
Uttar Pradesh,Rural,Male,57.6,0.16,6.8,0.11,0.22,17.56,7.5,2.99,1.1,0.1,0.37,0.04,0.26,0.58,0.47,2.05,0.3,0.25,0.05
Uttar Pradesh,Rural,Person,61.69,0.13,6.95,0.09,0.23,14.66,6.61,2.46,0.96,0.08,0.31,0.03,0.23,0.48,0.48,2.64,0.32,0.21,0.05
Uttar Pradesh,Total,Female,70.24,0.0,10.31,0.0,0.28,1.26,3.18,0.17,0.82,0.09,0.29,0.0,0.17,0.15,0.98,8.17,0.97,0.0,1.5
Uttar Pradesh,Total,Male,45.98,0.17,10.54,0.18,0.25,16.14,11.4,4.18,1.57,0.37,0.88,0.16,0.8,0.79,1.06,2.52,0.64,0.34,0.09
Uttar Pradesh,Total,Person,49.99,0.14,10.51,0.15,0.25,13.68,10.04,3.51,1.45,0.32,0.78,0.13,0.69,0.69,1.05,3.46,0.7,0.28,0.33
Uttar Pradesh,Urban,Female,15.02,0.0,24.55,0.0,0.24,1.25,6.84,0.91,3.52,0.57,1.66,0.0,0.74,0.97,3.46,23.19,3.75,0.0,9.32
Uttar Pradesh,Urban,Male,6.97,0.23,23.11,0.42,0.35,11.35,24.46,8.17,3.15,1.28,2.61,0.56,2.6,1.5,3.05,4.12,1.8,0.62,0.25
Uttar Pradesh,Urban,Person,7.94,0.2,23.28,0.37,0.34,10.14,22.36,7.3,3.19,1.19,2.49,0.49,2.38,1.43,3.1,6.4,2.03,0.55,1.33
Uttar Pradesh,Rural,Female,83.24,0.0,5.08,0.0,0.34,2.96,3.05,0.07,0.38,0.0,0.0,0.0,0.07,0.0,0.36,3.21,0.46,0.0,0.61
Uttar Pradesh,Rural,Male,58.95,0.04,7.31,0.08,0.07,17.82,6.72,2.79,0.79,0.12,0.35,0.02,0.22,0.61,0.66,1.61,0.21,0.07,0.0
Uttar Pradesh,Rural,Person,63.88,0.03,6.86,0.07,0.13,14.8,5.97,2.24,0.71,0.1,0.28,0.02,0.19,0.49,0.6,1.94,0.26,0.06,0.12
Uttar Pradesh,Total,Female,71.83,0.0,7.58,0.02,0.3,2.9,5.91,0.08,0.65,0.2,0.34,0.04,0.19,0.06,0.62,6.01,1.31,0.0,1.31
Uttar Pradesh,Total,Male,46.76,0.09,11.17,0.17,0.13,16.11,11.81,3.61,1.4,0.38,0.65,0.12,0.63,0.86,1.27,2.14,0.52,0.16,0.03
Uttar Pradesh,Total,Person,51.5,0.07,10.49,0.14,0.16,13.61,10.69,2.94,1.26,0.35,0.59,0.11,0.55,0.71,1.14,2.87,0.67,0.13,0.27
Uttar Pradesh,Urban,Female,11.02,0.0,20.91,0.1,0.08,2.58,21.1,0.12,2.14,1.29,2.16,0.25,0.85,0.4,2.02,20.93,5.83,0.0,5.04
Uttar Pradesh,Urban,Male,5.56,0.26,24.21,0.47,0.3,10.33,29.01,6.37,3.46,1.26,1.63,0.46,2.01,1.7,3.31,3.92,1.6,0.48,0.13
Uttar Pradesh,Urban,Person,6.32,0.22,23.75,0.42,0.27,9.25,27.91,5.5,3.28,1.26,1.71,0.43,1.85,1.52,3.13,6.28,2.19,0.42,0.81
Bihar,Rural,Female,75.84,0.0,3.23,0.0,0.0,1.49,2.56,0.0,0.8,0.0,0.0,0.0,0.0,0.0,0.3,14.77,1.0,0.0,0.0
Bihar,Rural,Male,51.88,0.4,5.07,0.1,0.13,17.9,10.93,4.74,1.47,0.15,0.36,0.05,0.34,0.62,0.41,2.76,0.36,0.07,0.54
Bihar,Rural,Person,53.12,0.38,4.98,0.09,0.12,17.05,10.49,4.49,1.43,0.14,0.34,0.05,0.32,0.59,0.41,3.38,0.39,0.06,0.51
Bihar,Total,Female,66.79,0.0,3.62,0.0,0.0,1.55,3.95,0.0,0.83,0.08,0.41,0.0,0.28,0.81,0.93,16.74,2.17,0.0,0.38
Bihar,Total,Male,47.87,0.36,5.4,0.1,0.16,17.66,12.64,4.84,1.68,0.21,0.58,0.07,0.54,0.96,0.55,2.89,0.74,0.16,0.59
Bihar,Total,Person,48.89,0.34,5.3,0.1,0.15,16.79,12.17,4.58,1.64,0.2,0.57,0.07,0.53,0.95,0.57,3.64,0.82,0.15,0.58
Bihar,Urban,Female,9.55,0.0,6.09,0.0,0.0,1.99,12.76,0.0,0.97,0.58,3.03,0.0,2.04,5.9,4.95,29.17,9.58,0.0,2.78
Bihar,Urban,Male,8.04,0.0,8.63,0.17,0.4,15.31,29.63,5.87,3.83,0.8,2.8,0.24,2.52,4.35,1.91,4.23,4.48,1.12,1.09
Bihar,Urban,Person,8.16,0.0,8.43,0.16,0.37,14.26,28.3,5.41,3.6,0.78,2.82,0.22,2.48,4.47,2.15,6.19,4.88,1.03,1.22
Bihar,Rural,Female,80.65,0.0,5.93,0.0,0.0,1.09,4.62,0.02,0.0,0.0,0.0,0.0,0.0,0.18,0.0,5.85,0.99,0.0,0.16
Bihar,Rural,Male,50.16,0.02,4.04,0.03,0.03,22.05,11.02,5.22,1.16,0.2,0.15,0.1,0.27,0.8,0.17,2.85,0.33,0.32,0.08
Bihar,Rural,Person,53.76,0.02,4.26,0.03,0.03,19.57,10.26,4.6,1.03,0.18,0.13,0.08,0.24,0.73,0.15,3.21,0.41,0.28,0.09
Bihar,Total,Female,74.46,0.0,6.5,0.0,0.37,1.55,6.21,0.02,0.53,0.0,0.36,0.0,0.15,0.44,0.0,6.95,1.47,0.0,0.27
Bihar,Total,Male,45.86,0.04,4.52,0.09,0.23,20.97,13.46,5.66,1.43,0.3,0.28,0.19,0.44,0.94,0.36,2.96,0.44,0.43,0.1
Bihar,Total,Person,49.19,0.03,4.75,0.08,0.25,18.71,12.61,5.0,1.33,0.27,0.29,0.17,0.4,0.88,0.32,3.43,0.56,0.38,0.12
Bihar,Urban,Female,11.02,0.0,12.29,0.0,4.13,6.22,22.42,0.0,6.01,0.0,4.06,0.0,1.7,3.04,0.01,18.17,6.35,0.0,1.49
Bihar,Urban,Male,9.62,0.18,8.54,0.65,1.93,11.8,34.06,9.39,3.66,1.16,1.33,1.02,1.86,2.15,1.89,3.89,1.31,1.33,0.25
Bihar,Urban,Person,9.76,0.16,8.91,0.58,2.15,11.25,32.9,8.46,3.89,1.05,1.6,0.92,1.84,2.24,1.71,5.32,1.81,1.19,0.37
Sikkim,Rural,Female,69.71,0.0,0.65,0.45,0.0,3.79,6.13,0.0,2.64,0.0,0.07,0.0,0.0,0.35,4.45,7.52,3.61,0.0,0.0
Sikkim,Rural,Male,44.47,0.0,2.98,1.1,0.31,13.18,3.65,14.13,1.67,0.0,0.0,0.0,0.54,0.25,8.94,6.29,0.56,0.31,0.0
Sikkim,Rural,Person,54.62,0.0,2.04,0.84,0.19,9.41,4.64,8.45,2.06,0.0,0.03,0.0,0.32,0.29,7.14,6.78,1.79,0.18,0.0
Sikkim,Total,Female,58.25,0.0,2.05,0.44,0.0,3.84,8.32,0.2,6.47,0.0,0.22,0.19,0.15,0.47,5.83,9.06,3.6,0.24,0.0
Sikkim,Total,Male,31.86,0.01,4.05,1.57,0.35,12.43,8.65,14.93,4.63,0.06,0.33,0.07,0.41,0.6,10.56,5.27,1.66,0.31,0.0
Sikkim,Total,Person,41.6,0.01,3.31,1.15,0.22,9.26,8.53,9.49,5.31,0.04,0.29,0.11,0.31,0.55,8.81,6.67,2.38,0.29,0.0
Sikkim,Urban,Female,4.91,0.0,8.55,0.35,0.0,4.07,18.54,1.12,24.3,0.0,0.94,1.09,0.84,1.05,12.2,16.24,3.56,1.38,0.0
Sikkim,Urban,Male,0.02,0.04,6.75,2.75,0.46,10.53,21.29,16.94,12.13,0.2,1.16,0.23,0.07,1.48,14.65,2.69,4.45,0.31,0.0
Sikkim,Urban,Person,1.33,0.03,7.23,2.1,0.33,8.8,20.55,12.71,15.38,0.15,1.1,0.46,0.27,1.37,14.0,6.31,4.21,0.6,0.0
Sikkim,Rural,Female,57.67,0.0,3.3,0.0,0.74,4.23,5.6,0.87,1.95,0.0,0.1,0.0,0.0,0.14,10.72,8.82,5.3,0.56,0.0
Sikkim,Rural,Male,44.74,0.0,3.81,1.33,0.17,17.47,4.25,7.17,2.9,0.25,0.0,0.0,0.0,0.71,11.99,3.79,0.57,0.0,0.0
Sikkim,Rural,Person,50.15,0.0,3.6,0.78,0.41,11.93,4.81,4.54,2.5,0.15,0.04,0.0,0.0,0.48,11.46,5.89,2.55,0.23,0.0
Sikkim,Total,Female,47.84,0.0,4.54,0.0,0.61,4.71,7.22,0.72,4.57,0.1,0.48,0.0,0.0,0.12,12.59,9.56,5.91,0.53,0.25
Sikkim,Total,Male,33.73,0.0,4.73,1.0,0.13,16.93,8.51,8.55,5.01,0.53,0.61,0.0,0.16,1.11,13.0,4.02,0.79,0.11,0.0
Sikkim,Total,Person,39.3,0.0,4.65,0.6,0.32,12.11,8.0,5.46,4.84,0.36,0.56,0.0,0.1,0.72,12.83,6.21,2.81,0.28,0.1
Sikkim,Urban,Female,1.78,0.0,10.33,0.0,0.0,6.97,14.81,0.0,16.86,0.55,2.27,0.0,0.0,0.0,21.32,13.07,8.74,0.4,1.42
Sikkim,Urban,Male,1.23,0.0,7.43,0.0,0.0,15.35,21.08,12.61,11.22,1.35,2.42,0.0,0.62,2.27,15.98,4.7,1.45,0.44,0.0
Sikkim,Urban,Person,1.41,0.0,8.33,0.0,0.0,12.74,19.13,8.68,12.98,1.1,2.37,0.0,0.43,1.57,17.64,7.31,3.73,0.43,0.44
Arunachal Pradesh,Rural,Female,69.05,0.0,7.38,0.49,0.0,0.85,8.07,0.57,2.16,0.0,0.0,0.0,0.0,0.12,0.38,8.69,1.81,0.0,0.16
Arunachal Pradesh,Rural,Male,50.76,0.21,0.94,1.04,0.3,2.94,19.29,7.11,1.04,0.0,0.56,0.0,0.13,0.12,6.57,7.09,0.65,0.0,0.08
Arunachal Pradesh,Rural,Person,53.73,0.18,1.99,0.95,0.25,2.6,17.47,6.05,1.22,0.0,0.47,0.0,0.11,0.12,5.57,7.35,0.83,0.0,0.09
Arunachal Pradesh,Total,Female,61.33,0.0,6.44,0.85,0.13,0.86,8.82,0.9,1.89,0.1,0.0,0.0,0.0,0.21,3.82,10.72,3.06,0.0,0.64
Arunachal Pradesh,Total,Male,43.92,0.18,1.23,1.52,0.38,3.84,20.22,7.76,1.19,0.15,0.57,0.0,0.23,0.26,9.05,6.83,1.2,0.01,0.15
Arunachal Pradesh,Total,Person,46.68,0.15,2.05,1.42,0.34,3.37,18.41,6.67,1.3,0.15,0.48,0.0,0.19,0.25,8.22,7.45,1.49,0.01,0.23
Arunachal Pradesh,Urban,Female,10.31,0.0,0.2,3.22,1.0,0.92,13.76,3.05,0.12,0.75,0.0,0.0,0.0,0.82,26.55,24.17,11.35,0.0,3.77
Arunachal Pradesh,Urban,Male,6.39,0.0,2.8,4.18,0.86,8.76,25.31,11.34,2.02,1.0,0.58,0.0,0.8,1.01,22.67,5.41,4.23,0.07,0.59
Arunachal Pradesh,Urban,Person,6.93,0.0,2.44,4.04,0.88,7.68,23.71,10.19,1.76,0.97,0.5,0.0,0.69,0.98,23.2,8.0,5.22,0.06,1.03
Arunachal Pradesh,Rural,Female,70.51,0.0,0.39,0.8,0.3,1.43,9.27,0.08,0.0,0.0,0.0,0.0,0.0,0.0,0.86,9.9,5.99,0.0,0.48
Arunachal Pradesh,Rural,Male,62.51,0.0,1.54,0.52,0.57,4.94,11.68,3.55,0.18,0.05,0.36,0.0,0.0,0.25,5.49,6.06,1.16,0.05,0.33
Arunachal Pradesh,Rural,Person,64.3,0.0,1.28,0.58,0.51,4.15,11.14,2.77,0.14,0.04,0.28,0.0,0.0,0.19,4.45,6.92,2.24,0.04,0.36
Arunachal Pradesh,Total,Female,61.43,0.0,0.48,0.85,0.56,1.68,11.42,0.07,0.2,0.1,0.27,0.0,0.05,0.0,3.69,12.0,6.55,0.0,0.65
Arunachal Pradesh,Total,Male,53.24,0.04,1.94,0.81,0.8,5.91,13.74,4.01,0.32,0.34,0.33,0.0,0.11,0.25,8.39,6.28,1.41,0.35,0.72
Arunachal Pradesh,Total,Person,55.02,0.03,1.63,0.82,0.75,4.99,13.24,3.15,0.29,0.29,0.32,0.0,0.1,0.19,7.37,7.53,2.53,0.27,0.7
Arunachal Pradesh,Urban,Female,4.68,0.0,1.06,1.2,2.18,3.27,24.86,0.0,1.46,0.69,1.94,0.0,0.38,0.0,21.4,25.12,10.07,0.0,1.69
Arunachal Pradesh,Urban,Male,7.75,0.21,3.94,2.28,1.95,10.68,23.87,6.27,0.99,1.75,0.23,0.0,0.64,0.25,22.61,7.36,2.68,1.79,2.61
Arunachal Pradesh,Urban,Person,7.18,0.17,3.4,2.08,1.99,9.32,24.06,5.11,1.07,1.55,0.54,0.0,0.59,0.2,22.38,10.64,4.05,1.46,2.44
Nagaland,Rural,Female,63.8,0.0,1.74,0.0,0.0,0.0,9.92,0.0,0.0,1.13,0.0,0.0,0.0,7.13,5.6,2.89,5.97,0.0,0.0
Nagaland,Rural,Male,41.77,0.0,11.41,2.1,0.96,1.84,5.46,7.09,0.0,0.09,0.0,0.0,0.34,6.32,2.03,11.7,1.43,0.27,0.0
Nagaland,Rural,Person,47.09,0.0,9.07,1.59,0.73,1.39,6.54,5.38,0.0,0.34,0.0,0.0,0.26,6.51,2.89,9.57,2.52,0.21,0.0
Nagaland,Total,Female,53.75,0.0,1.74,0.0,0.0,0.19,13.0,0.0,0.0,0.94,0.2,0.0,0.41,9.26,4.91,6.28,7.0,0.0,0.0
Nagaland,Total,Male,31.64,0.0,9.89,1.69,0.76,3.31,10.26,7.71,0.63,0.46,0.35,0.0,0.98,10.29,3.79,10.42,1.37,0.2,0.0
Nagaland,Total,Person,36.47,0.0,8.11,1.32,0.59,2.63,10.86,6.02,0.49,0.57,0.32,0.0,0.86,10.07,4.03,9.52,2.6,0.16,0.0
Nagaland,Urban,Female,5.71,0.0,1.72,0.0,0.0,1.12,27.76,0.0,0.0,0.0,1.15,0.0,2.36,19.47,1.61,22.52,11.94,0.0,0.0
Nagaland,Urban,Male,4.86,0.0,5.87,0.62,0.22,7.2,22.95,9.33,2.29,1.46,1.28,0.0,2.67,20.8,8.44,7.04,1.22,0.0,0.0
Nagaland,Urban,Person,4.99,0.0,5.25,0.52,0.19,6.29,23.67,7.93,1.95,1.24,1.26,0.0,2.63,20.6,7.42,9.36,2.83,0.0,0.0
Nagaland,Rural,Female,75.1,0.0,2.64,0.0,0.0,0.0,3.54,0.0,0.88,0.37,0.0,0.0,0.0,4.42,1.38,8.29,2.03,0.0,0.0
Nagaland,Rural,Male,53.15,0.05,5.84,1.37,1.7,4.66,6.06,4.99,0.47,0.06,0.0,0.0,0.97,5.32,1.92,6.44,0.93,0.0,0.23
Nagaland,Rural,Person,60.74,0.03,4.74,0.89,1.12,3.05,5.19,3.27,0.61,0.17,0.0,0.0,0.63,5.01,1.74,7.08,1.31,0.0,0.15
Nagaland,Total,Female,63.31,0.0,2.74,0.0,0.0,0.0,8.0,0.0,0.96,0.41,0.0,0.0,0.54,6.83,1.72,10.84,2.74,0.0,0.13
Nagaland,Total,Male,41.23,0.03,5.35,1.16,1.25,4.92,11.99,5.54,1.09,0.46,0.24,0.0,1.27,8.18,4.25,6.52,1.13,0.09,0.17
Nagaland,Total,Person,48.54,0.02,4.48,0.78,0.84,3.29,10.67,3.71,1.05,0.44,0.16,0.0,1.03,7.74,3.42,7.95,1.67,0.06,0.16
Nagaland,Urban,Female,20.7,0.0,3.1,0.0,0.0,0.0,24.12,0.0,1.25,0.55,0.0,0.0,2.47,15.57,2.97,20.02,5.31,0.0,0.61
Nagaland,Urban,Male,8.43,0.0,3.98,0.6,0.0,5.61,28.29,7.05,2.8,1.57,0.89,0.0,2.11,16.06,10.66,6.75,1.68,0.33,0.0
Nagaland,Urban,Person,11.95,0.0,3.73,0.43,0.0,4.0,27.1,5.03,2.35,1.28,0.64,0.0,2.22,15.92,8.46,10.56,2.72,0.24,0.18
Manipur,Rural,Female,28.68,0.45,25.41,0.0,0.0,2.11,12.43,0.24,1.08,0.0,0.02,0.0,0.52,2.85,0.96,17.37,6.22,0.2,0.23
Manipur,Rural,Male,39.08,1.04,6.8,0.03,0.17,9.24,6.52,7.31,0.7,0.48,0.96,0.0,1.33,5.04,9.15,6.47,1.99,0.22,0.85
Manipur,Rural,Person,36.51,0.9,11.4,0.02,0.13,7.48,7.98,5.57,0.8,0.36,0.73,0.0,1.13,4.5,7.13,9.16,3.04,0.21,0.7
Manipur,Total,Female,21.46,0.54,24.9,0.0,0.0,1.78,14.4,0.28,1.62,0.11,0.24,0.01,0.69,4.14,1.29,18.66,7.62,0.17,0.44
Manipur,Total,Male,31.92,0.93,7.57,0.02,0.2,10.02,8.95,7.22,0.72,0.59,1.21,0.0,1.83,6.65,9.42,6.88,1.88,0.23,1.1
Manipur,Total,Person,29.19,0.83,12.11,0.02,0.15,7.86,10.38,5.41,0.95,0.46,0.95,0.0,1.53,5.99,7.29,9.96,3.38,0.22,0.93
Manipur,Urban,Female,6.88,0.72,23.86,0.0,0.0,1.12,18.38,0.36,2.7,0.33,0.67,0.03,1.05,6.75,1.95,21.28,10.43,0.11,0.84
Manipur,Urban,Male,13.2,0.62,9.59,0.01,0.28,12.04,15.31,6.99,0.76,0.86,1.85,0.0,3.14,10.85,10.12,7.95,1.57,0.27,1.77
Manipur,Urban,Person,11.32,0.65,13.84,0.01,0.2,8.79,16.22,5.02,1.34,0.7,1.5,0.01,2.51,9.63,7.69,11.92,4.21,0.22,1.5
Manipur,Rural,Female,30.49,0.93,22.39,0.0,0.15,0.58,12.38,0.0,3.18,0.29,0.26,0.0,0.95,1.0,0.9,16.9,7.5,0.0,0.94
Manipur,Rural,Male,46.44,0.59,7.12,0.23,0.02,9.46,7.43,6.36,0.14,0.03,0.22,0.0,1.04,4.89,5.79,6.94,1.35,0.0,0.35
Manipur,Rural,Person,42.07,0.68,11.3,0.17,0.06,7.03,8.78,4.62,0.97,0.1,0.23,0.0,1.02,3.82,4.45,9.66,3.03,0.0,0.51
Manipur,Total,Female,21.83,0.65,24.29,0.0,0.1,0.67,16.8,0.08,3.5,0.33,0.39,0.0,1.02,2.58,0.98,17.49,7.06,0.0,0.86
Manipur,Total,Male,36.91,0.54,7.85,0.23,0.11,10.16,11.43,6.38,0.64,0.33,0.56,0.0,1.67,5.96,6.35,6.96,1.29,0.1,0.5
Manipur,Total,Person,32.44,0.57,12.73,0.16,0.11,7.34,13.02,4.51,1.49,0.33,0.51,0.0,1.48,4.96,4.76,10.09,3.0,0.07,0.61
Manipur,Urban,Female,5.85,0.13,27.79,0.0,0.0,0.85,24.95,0.24,4.08,0.39,0.62,0.0,1.15,5.51,1.13,18.6,6.27,0.0,0.71
Manipur,Urban,Male,11.58,0.43,9.8,0.22,0.34,12.01,22.08,6.43,1.97,1.12,1.46,0.0,3.35,8.82,7.85,7.02,1.12,0.37,0.91
Manipur,Urban,Person,9.57,0.32,16.13,0.14,0.22,8.08,23.09,4.25,2.71,0.87,1.16,0.0,2.58,7.66,5.49,11.09,2.93,0.24,0.84
Mizoram,Rural,Female,70.66,0.0,2.01,0.0,0.0,0.0,16.83,0.0,0.3,0.0,0.0,0.0,0.0,1.54,0.74,4.41,3.52,0.0,0.0
Mizoram,Rural,Male,65.72,1.19,3.34,0.0,0.0,7.38,5.07,3.98,0.0,0.04,0.0,0.0,0.0,0.74,2.08,8.84,0.99,0.0,0.64
Mizoram,Rural,Person,67.0,0.88,2.99,0.0,0.0,5.47,8.11,2.95,0.08,0.03,0.0,0.0,0.0,0.95,1.73,7.69,1.65,0.0,0.47
Mizoram,Total,Female,38.91,0.1,5.47,0.0,0.0,0.22,29.71,0.0,1.51,0.09,0.0,0.0,0.3,6.22,3.6,8.8,4.01,0.0,0.1
Mizoram,Total,Male,43.37,1.12,5.29,0.08,0.0,9.88,7.87,5.94,0.42,0.06,0.07,0.0,0.18,4.27,9.14,9.9,1.0,0.0,0.71
Mizoram,Total,Person,42.09,0.83,5.34,0.06,0.0,7.11,14.12,4.24,0.74,0.07,0.05,0.0,0.21,4.83,7.55,9.59,1.86,0.0,0.53
Mizoram,Urban,Female,6.18,0.21,9.04,0.0,0.0,0.45,43.0,0.0,2.76,0.17,0.0,0.0,0.6,11.04,6.54,13.33,4.52,0.0,0.19
Mizoram,Urban,Male,12.13,1.02,8.01,0.19,0.0,13.38,11.77,8.68,1.02,0.1,0.17,0.0,0.43,9.19,19.01,11.38,1.01,0.0,0.81
Mizoram,Urban,Person,10.22,0.76,8.34,0.13,0.0,9.22,21.81,5.89,1.58,0.12,0.11,0.0,0.49,9.79,15.0,12.01,2.14,0.0,0.61
Mizoram,Rural,Female,75.06,0.0,1.94,0.0,0.0,1.18,13.76,0.35,0.38,0.0,0.0,0.0,0.0,1.28,0.8,3.41,1.55,0.0,0.0
Mizoram,Rural,Male,57.21,0.21,5.17,0.0,0.0,9.05,5.8,6.63,0.06,0.0,0.0,0.0,0.16,1.45,2.46,10.42,1.24,0.0,0.0
Mizoram,Rural,Person,63.04,0.14,4.11,0.0,0.0,6.48,8.4,4.58,0.16,0.0,0.0,0.0,0.11,1.4,1.92,8.13,1.34,0.0,0.0
Mizoram,Total,Female,49.28,0.41,4.8,0.0,0.0,1.06,25.0,0.38,1.38,0.3,0.61,0.0,0.59,3.78,2.67,6.39,2.65,0.0,0.0
Mizoram,Total,Male,38.44,0.31,6.22,0.0,0.15,10.11,11.25,7.91,0.58,0.29,0.55,0.0,0.41,4.17,7.32,10.33,1.18,0.07,0.07
Mizoram,Total,Person,42.08,0.34,5.74,0.0,0.1,7.07,15.87,5.38,0.85,0.29,0.57,0.0,0.47,4.04,5.75,9.01,1.68,0.04,0.04
Mizoram,Urban,Female,18.1,0.9,8.27,0.0,0.0,0.92,38.59,0.42,2.59,0.66,1.35,0.0,1.3,6.8,4.92,9.99,3.98,0.0,0.0
Mizoram,Urban,Male,13.45,0.44,7.61,0.0,0.34,11.52,18.49,9.62,1.28,0.67,1.29,0.0,0.74,7.78,13.77,10.21,1.1,0.15,0.15
Mizoram,Urban,Person,15.07,0.6,7.84,0.0,0.22,7.83,25.49,6.42,1.73,0.66,1.31,0.0,0.94,7.44,10.69,10.14,2.1,0.1,0.1
Tripura,Rural,Female,41.7,0.0,2.71,0.0,0.0,9.68,5.71,0.6,0.14,0.0,0.0,0.0,0.18,0.75,3.94,20.97,6.27,0.71,4.29
Tripura,Rural,Male,35.81,0.07,6.22,0.06,0.01,13.31,17.72,4.64,0.7,0.41,0.11,0.0,0.66,1.82,4.22,5.08,0.34,0.26,4.5
Tripura,Rural,Person,36.58,0.06,5.76,0.06,0.01,12.83,16.16,4.11,0.63,0.36,0.1,0.0,0.6,1.68,4.18,7.15,1.12,0.32,4.47
Tripura,Total,Female,33.07,0.0,5.84,0.0,0.0,7.76,6.52,0.46,0.48,0.18,0.19,0.0,0.59,1.48,5.86,22.89,6.08,0.97,5.21
Tripura,Total,Male,30.72,0.07,6.46,0.1,0.04,13.75,18.53,5.71,0.84,0.61,0.28,0.0,1.21,2.0,5.23,5.33,0.49,0.24,4.32
Tripura,Total,Person,31.05,0.06,6.38,0.09,0.04,12.92,16.85,4.98,0.79,0.55,0.27,0.0,1.12,1.92,5.32,7.78,1.27,0.34,4.44
Tripura,Urban,Female,3.81,0.0,16.49,0.0,0.0,1.23,9.25,0.0,1.64,0.8,0.82,0.0,1.99,3.94,12.35,29.41,5.41,1.84,8.32
Tripura,Urban,Male,5.35,0.08,7.68,0.28,0.19,15.95,22.52,11.04,1.52,1.59,1.1,0.0,3.93,2.9,10.32,6.61,1.21,0.09,3.44
Tripura,Urban,Person,5.08,0.07,9.27,0.23,0.16,13.29,20.12,9.04,1.54,1.45,1.05,0.0,3.58,3.09,10.68,10.73,1.97,0.41,4.32
Tripura,Rural,Female,55.89,0.0,5.17,0.0,0.96,10.19,5.21,0.0,1.69,0.0,0.0,0.0,0.14,1.02,1.23,15.28,0.94,0.0,1.69
Tripura,Rural,Male,48.09,0.81,6.05,0.0,0.85,15.55,10.61,5.81,1.08,0.28,0.52,0.04,0.27,2.44,1.13,3.06,0.35,0.38,0.36
Tripura,Rural,Person,49.98,0.61,5.83,0.0,0.88,14.25,9.3,4.4,1.23,0.21,0.39,0.03,0.24,2.1,1.15,6.02,0.5,0.28,0.68
Tripura,Total,Female,48.22,0.0,7.14,0.0,1.17,9.62,8.31,0.18,1.67,0.0,0.27,0.0,0.15,1.46,2.13,15.58,1.73,0.0,1.43
Tripura,Total,Male,39.6,0.65,6.35,0.0,0.69,15.34,14.67,7.32,1.08,0.34,0.69,0.14,0.54,3.27,1.85,3.86,0.62,0.39,0.3
Tripura,Total,Person,41.64,0.49,6.53,0.0,0.8,13.98,13.17,5.63,1.22,0.26,0.59,0.1,0.45,2.84,1.91,6.63,0.88,0.29,0.56
Tripura,Urban,Female,11.95,0.0,16.46,0.0,2.14,6.91,22.99,1.03,1.54,0.0,1.56,0.0,0.15,3.51,6.37,16.98,5.44,0.0,0.18
Tripura,Urban,Male,5.18,0.0,7.57,0.0,0.0,14.46,31.14,13.44,1.07,0.57,1.38,0.51,1.64,6.61,4.76,7.1,1.71,0.43,0.05
Tripura,Urban,Person,6.64,0.0,9.48,0.0,0.46,12.84,29.39,10.78,1.17,0.45,1.42,0.4,1.32,5.95,5.11,9.23,2.51,0.34,0.08
Meghalaya,Rural,Female,59.27,2.29,0.63,0.0,0.0,9.46,7.0,0.0,2.66,0.0,0.2,0.0,0.21,0.85,0.54,6.81,6.39,0.0,1.26
Meghalaya,Rural,Male,52.91,1.28,1.37,0.15,0.19,17.99,5.15,7.89,1.54,0.22,0.07,0.0,0.0,0.16,2.15,7.05,0.61,0.03,0.0
Meghalaya,Rural,Person,55.57,1.7,1.06,0.08,0.11,14.42,5.93,4.59,2.01,0.13,0.12,0.0,0.09,0.45,1.48,6.95,3.03,0.02,0.53
Meghalaya,Total,Female,54.73,2.16,0.78,0.01,0.0,8.58,7.82,0.03,3.08,0.0,0.23,0.0,0.4,0.94,1.85,7.62,7.53,0.0,1.79
Meghalaya,Total,Male,46.16,1.17,1.61,0.16,0.16,17.95,7.37,7.95,1.77,0.59,0.34,0.02,0.06,0.72,4.15,6.98,1.12,0.34,0.01
Meghalaya,Total,Person,49.63,1.57,1.27,0.1,0.1,14.15,7.55,4.74,2.3,0.35,0.29,0.01,0.2,0.81,3.22,7.24,3.72,0.2,0.73
Meghalaya,Urban,Female,10.64,0.96,2.18,0.12,0.0,0.0,15.7,0.36,7.2,0.0,0.59,0.0,2.28,1.8,14.57,15.46,18.64,0.0,7.02
Meghalaya,Urban,Male,4.66,0.44,3.06,0.28,0.0,17.72,20.99,8.35,3.16,2.86,1.98,0.14,0.41,4.18,16.45,6.52,4.21,2.29,0.07
Meghalaya,Urban,Person,6.53,0.6,2.78,0.23,0.0,12.18,19.34,5.85,4.43,1.96,1.55,0.09,1.0,3.43,15.86,9.32,8.73,1.57,2.25
Meghalaya,Rural,Female,66.35,2.12,1.37,0.06,0.0,10.98,4.16,0.0,2.11,0.0,0.0,0.0,0.0,0.0,0.65,4.8,5.93,0.0,0.82
Meghalaya,Rural,Male,56.21,3.12,2.91,0.34,0.43,15.34,5.35,7.39,0.46,0.0,0.0,0.0,0.08,0.0,2.04,5.49,0.43,0.29,0.02
Meghalaya,Rural,Person,60.28,2.72,2.3,0.23,0.25,13.59,4.87,4.42,1.12,0.0,0.0,0.0,0.05,0.0,1.48,5.22,2.64,0.17,0.34
Meghalaya,Total,Female,59.58,2.02,1.53,0.05,0.0,9.99,6.0,0.0,2.53,0.07,0.0,0.0,0.11,0.0,2.51,6.7,6.14,0.0,1.83
Meghalaya,Total,Male,47.02,2.66,3.49,0.47,0.36,15.37,8.5,8.05,0.79,0.22,0.11,0.02,0.12,0.2,5.32,5.69,0.84,0.48,0.12
Meghalaya,Total,Person,51.86,2.41,2.74,0.31,0.22,13.3,7.54,4.95,1.46,0.16,0.07,0.01,0.11,0.12,4.24,6.08,2.88,0.29,0.77
Meghalaya,Urban,Female,2.77,1.2,2.88,0.0,0.0,1.7,21.48,0.0,6.13,0.66,0.0,0.0,1.0,0.0,18.13,22.65,7.92,0.0,10.25
Meghalaya,Urban,Male,1.21,0.35,6.39,1.12,0.02,15.52,24.25,11.37,2.39,1.32,0.68,0.13,0.28,1.21,21.7,6.69,2.85,1.41,0.61
Meghalaya,Urban,Person,1.65,0.59,5.39,0.8,0.01,11.58,23.46,8.13,3.46,1.13,0.48,0.09,0.49,0.87,20.68,11.24,4.29,1.01,3.36
Assam,Rural,Female,49.3,2.47,10.17,0.0,0.0,3.25,2.35,0.35,1.07,0.08,0.17,0.17,0.0,0.0,1.11,17.01,7.35,0.0,5.0
Assam,Rural,Male,41.47,0.2,10.59,0.04,0.03,14.65,15.02,4.41,0.99,0.05,0.16,0.01,0.21,1.3,1.33,4.51,0.22,0.49,2.82
Assam,Rural,Person,42.47,0.49,10.53,0.03,0.03,13.19,13.4,3.9,1.0,0.05,0.16,0.03,0.18,1.13,1.3,6.11,1.13,0.42,3.1
Assam,Total,Female,44.3,2.35,9.67,0.0,0.0,3.0,3.33,0.61,1.14,0.25,0.48,0.36,0.48,0.3,1.22,19.05,7.59,0.0,5.63
Assam,Total,Male,38.06,0.35,10.68,0.05,0.05,14.27,16.66,4.69,1.2,0.1,0.5,0.06,0.36,1.49,1.62,4.59,0.46,0.52,2.73
Assam,Total,Person,38.86,0.61,10.55,0.04,0.04,12.82,14.94,4.16,1.19,0.12,0.49,0.1,0.38,1.34,1.57,6.45,1.38,0.46,3.1
Assam,Urban,Female,2.17,1.34,5.45,0.0,0.0,0.93,11.56,2.79,1.66,1.66,3.09,1.95,4.52,2.84,2.14,36.21,9.6,0.0,10.94
Assam,Urban,Male,6.63,1.66,11.58,0.19,0.21,10.83,31.77,7.19,3.19,0.58,3.63,0.6,1.79,3.26,4.31,5.34,2.72,0.88,1.94
Assam,Urban,Person,6.01,1.62,10.73,0.17,0.18,9.46,28.98,6.58,2.98,0.73,3.56,0.78,2.17,3.2,4.01,9.61,3.67,0.76,3.18
Assam,Rural,Female,54.32,0.0,5.55,0.0,0.0,4.21,6.17,1.11,1.13,0.0,0.0,0.12,0.1,0.0,0.56,16.43,3.06,0.0,5.4
Assam,Rural,Male,38.83,0.54,7.85,0.12,0.06,14.74,18.39,6.69,1.34,0.19,0.34,0.0,0.27,1.45,1.56,3.79,0.39,0.07,2.0
Assam,Rural,Person,41.32,0.45,7.48,0.1,0.05,13.05,16.43,5.79,1.31,0.16,0.29,0.02,0.24,1.21,1.4,5.82,0.82,0.06,2.54
Assam,Total,Female,47.04,0.0,6.72,0.0,0.3,3.79,7.74,1.23,1.15,0.22,0.54,0.18,0.63,0.15,0.7,18.57,3.2,0.0,5.82
Assam,Total,Male,34.8,0.6,8.6,0.17,0.09,14.28,19.79,7.31,1.49,0.4,0.54,0.11,0.57,1.67,1.73,3.92,0.55,0.08,1.76
Assam,Total,Person,36.79,0.5,8.3,0.14,0.13,12.57,17.82,6.32,1.43,0.37,0.54,0.12,0.58,1.43,1.56,6.31,0.98,0.07,2.43
Assam,Urban,Female,2.02,0.0,13.92,0.0,2.18,1.2,17.38,1.98,1.26,1.55,3.91,0.51,3.91,1.04,1.57,31.78,4.06,0.0,8.43
Assam,Urban,Male,6.27,1.0,13.91,0.52,0.32,11.04,29.65,11.69,2.53,1.88,1.93,0.92,2.71,3.3,2.95,4.86,1.71,0.18,0.12
Assam,Urban,Person,5.5,0.82,13.91,0.43,0.65,9.27,27.44,9.95,2.3,1.82,2.28,0.84,2.93,2.9,2.71,9.7,2.13,0.15,1.61
West Bengal,Rural,Female,44.9,0.54,31.65,0.0,0.0,3.14,4.34,0.05,0.55,0.15,0.01,0.0,0.0,0.11,0.75,6.14,1.47,0.0,4.38
West Bengal,Rural,Male,49.9,0.32,10.37,0.06,0.22,14.28,9.47,5.38,0.74,0.12,0.56,0.0,0.41,0.68,0.97,2.76,0.49,0.21,1.04
West Bengal,Rural,Person,48.89,0.37,14.69,0.04,0.18,12.02,8.43,4.3,0.7,0.13,0.45,0.0,0.33,0.56,0.92,3.44,0.69,0.16,1.72
West Bengal,Total,Female,29.14,0.48,33.23,0.03,0.04,2.36,6.43,0.23,1.62,0.49,0.34,0.0,0.31,0.53,1.04,9.05,2.2,0.01,9.49
West Bengal,Total,Male,35.67,0.35,14.59,0.24,0.3,13.5,13.15,7.14,1.66,0.64,1.0,0.13,0.76,1.37,1.43,3.02,0.86,0.5,1.46
West Bengal,Total,Person,34.24,0.38,18.66,0.2,0.24,11.07,11.69,5.63,1.65,0.61,0.85,0.1,0.66,1.19,1.34,4.33,1.15,0.39,3.21
West Bengal,Urban,Female,1.81,0.38,35.96,0.09,0.1,1.0,10.05,0.54,3.46,1.07,0.92,0.0,0.84,1.26,1.55,14.11,3.46,0.02,18.34
West Bengal,Urban,Male,3.41,0.4,24.15,0.67,0.48,11.75,21.5,11.12,3.75,1.8,1.98,0.41,1.55,2.95,2.47,3.61,1.7,1.16,2.4
West Bengal,Urban,Person,3.01,0.39,27.1,0.52,0.38,9.06,18.64,8.48,3.68,1.62,1.71,0.31,1.37,2.53,2.24,6.24,2.14,0.88,6.39
West Bengal,Rural,Female,56.58,0.0,24.41,0.0,0.07,3.34,4.95,0.0,0.34,0.0,0.36,0.0,0.0,0.38,1.04,5.11,1.84,0.0,0.39
West Bengal,Rural,Male,50.09,0.14,9.14,0.34,0.07,13.97,9.35,6.52,1.76,0.31,0.65,0.02,0.18,1.25,0.9,1.98,0.63,0.29,0.04
West Bengal,Rural,Person,51.47,0.11,12.39,0.27,0.07,11.71,8.42,5.14,1.46,0.24,0.59,0.02,0.14,1.06,0.93,2.64,0.89,0.23,0.12
West Bengal,Total,Female,37.67,0.0,24.73,0.0,0.04,3.12,15.29,0.44,0.65,0.38,0.75,0.04,0.55,0.73,1.45,8.13,2.24,0.06,1.86
West Bengal,Total,Male,36.65,0.26,12.08,0.45,0.16,13.6,14.26,7.54,2.33,0.73,1.05,0.09,0.56,1.69,1.87,2.68,0.88,0.52,0.17
West Bengal,Total,Person,36.89,0.2,15.01,0.35,0.14,11.17,14.5,5.9,1.94,0.65,0.98,0.08,0.56,1.46,1.77,3.94,1.2,0.41,0.56
West Bengal,Urban,Female,4.02,0.0,25.28,0.0,0.0,2.72,33.7,1.23,1.2,1.06,1.45,0.12,1.52,1.35,2.17,13.5,2.95,0.18,4.48
West Bengal,Urban,Male,2.9,0.54,19.47,0.73,0.41,12.68,26.59,10.1,3.75,1.79,2.06,0.27,1.51,2.78,4.32,4.44,1.52,1.09,0.5
West Bengal,Urban,Person,3.21,0.39,21.07,0.53,0.3,9.93,28.55,7.65,3.05,1.59,1.89,0.23,1.51,2.39,3.72,6.94,1.92,0.84,1.6
Jharkhand,Rural,Female,71.58,1.19,7.76,0.0,0.09,5.84,1.94,0.0,0.56,0.0,0.0,0.0,0.0,0.0,1.45,7.25,1.14,0.0,1.11
Jharkhand,Rural,Male,44.2,1.17,5.28,0.11,0.21,29.73,8.11,5.11,1.03,0.11,0.43,0.0,0.16,0.16,1.54,1.72,0.05,0.0,0.09
Jharkhand,Rural,Person,51.23,1.18,5.92,0.08,0.18,23.6,6.53,3.8,0.91,0.08,0.32,0.0,0.12,0.12,1.52,3.14,0.33,0.0,0.35
Jharkhand,Total,Female,64.3,1.41,7.52,0.0,0.28,6.64,2.57,0.06,0.76,0.04,0.42,0.18,0.0,0.15,1.38,8.52,1.68,0.0,2.31
Jharkhand,Total,Male,36.08,1.96,7.73,0.19,0.42,27.18,10.28,5.71,1.57,0.26,1.29,0.14,0.59,0.5,1.7,2.44,0.39,0.02,0.17
Jharkhand,Total,Person,42.77,1.83,7.68,0.14,0.39,22.31,8.46,4.37,1.38,0.21,1.08,0.15,0.45,0.42,1.62,3.88,0.69,0.02,0.67
Jharkhand,Urban,Female,12.19,2.99,5.84,0.0,1.65,12.34,7.09,0.47,2.23,0.32,3.41,1.46,0.0,1.26,0.83,17.58,5.54,0.0,10.84
Jharkhand,Urban,Male,5.75,4.91,16.87,0.49,1.19,17.63,18.4,7.97,3.58,0.85,4.48,0.65,2.2,1.78,2.27,5.14,1.65,0.11,0.47
Jharkhand,Urban,Person,6.74,4.62,15.19,0.42,1.26,16.82,16.67,6.83,3.38,0.77,4.31,0.77,1.86,1.7,2.05,7.04,2.24,0.09,2.05
Jharkhand,Rural,Female,83.18,0.0,5.24,0.0,0.02,3.96,2.59,0.04,0.32,0.0,0.05,0.0,0.0,0.0,0.46,3.46,0.67,0.0,0.0
Jharkhand,Rural,Male,52.55,0.39,7.4,0.07,0.0,20.76,6.66,4.59,1.45,0.14,0.35,0.0,0.52,0.75,0.63,2.29,0.21,0.06,0.0
Jharkhand,Rural,Person,63.82,0.24,6.61,0.04,0.01,14.58,5.16,2.92,1.03,0.09,0.24,0.0,0.33,0.47,0.57,2.72,0.38,0.04,0.0
Jharkhand,Total,Female,77.03,0.03,6.9,0.0,0.02,3.99,4.63,0.04,0.57,0.21,0.44,0.04,0.03,0.0,0.61,4.02,0.86,0.0,0.33
Jharkhand,Total,Male,42.48,1.33,8.76,0.21,0.04,19.91,10.6,6.18,1.91,0.17,0.74,0.05,0.78,0.89,1.06,2.45,0.45,0.16,0.05
Jharkhand,Total,Person,54.05,0.89,8.14,0.14,0.03,14.58,8.6,4.13,1.46,0.19,0.64,0.05,0.53,0.59,0.91,2.98,0.59,0.11,0.14
Jharkhand,Urban,Female,13.59,0.3,24.03,0.0,0.0,4.2,25.7,0.0,3.17,2.35,4.48,0.51,0.38,0.0,2.2,9.78,2.8,0.0,3.73
Jharkhand,Urban,Male,4.79,4.86,13.86,0.76,0.19,16.72,25.35,12.15,3.61,0.3,2.22,0.24,1.77,1.44,2.66,3.04,1.35,0.56,0.23
Jharkhand,Urban,Person,6.32,4.07,15.63,0.62,0.16,14.54,25.41,10.03,3.54,0.65,2.61,0.29,1.53,1.19,2.58,4.21,1.61,0.46,0.84
Odisha,Rural,Female,60.37,0.77,8.71,0.0,0.0,14.63,4.95,0.14,1.22,0.12,0.06,0.0,0.0,0.17,0.65,6.53,1.29,0.0,0.05
Odisha,Rural,Male,46.77,0.79,6.37,0.12,0.17,23.35,9.36,5.47,1.18,0.12,0.38,0.0,0.42,0.48,0.52,2.04,0.5,0.12,0.26
Odisha,Rural,Person,50.19,0.79,6.96,0.09,0.12,21.16,8.25,4.13,1.19,0.12,0.3,0.0,0.31,0.4,0.55,3.16,0.7,0.09,0.21
Odisha,Total,Female,54.56,0.83,9.35,0.05,0.0,14.56,5.42,0.53,1.53,0.11,0.14,0.0,0.15,0.3,0.84,7.96,1.89,0.11,1.16
Odisha,Total,Male,40.73,1.0,7.76,0.34,0.18,21.71,11.33,6.35,1.41,0.28,0.74,0.02,0.7,0.72,1.28,2.41,0.61,0.13,0.3
Odisha,Total,Person,44.1,0.96,8.15,0.27,0.14,19.97,9.89,4.94,1.44,0.24,0.59,0.02,0.56,0.62,1.17,3.77,0.92,0.13,0.51
Odisha,Urban,Female,9.19,1.26,14.35,0.4,0.0,14.09,9.03,3.55,4.0,0.0,0.73,0.0,1.29,1.3,2.28,19.19,6.62,0.99,9.82
Odisha,Urban,Male,5.99,2.23,15.77,1.63,0.29,12.27,22.68,11.43,2.75,1.21,2.81,0.16,2.28,2.11,5.62,4.59,1.22,0.21,0.5
Odisha,Urban,Person,6.62,2.04,15.49,1.39,0.23,12.63,19.98,9.87,2.99,0.97,2.4,0.12,2.09,1.95,4.95,7.48,2.29,0.36,2.35
Odisha,Rural,Female,66.67,0.01,7.69,0.33,0.0,13.2,4.58,0.0,0.34,0.0,0.11,0.0,0.0,0.12,0.28,5.45,0.61,0.21,0.0
Odisha,Rural,Male,49.54,0.17,4.74,0.49,0.15,22.69,8.52,5.25,2.16,0.25,0.33,0.0,0.21,0.62,0.84,2.21,0.21,0.28,0.01
Odisha,Rural,Person,55.1,0.12,5.7,0.44,0.1,19.61,7.24,3.55,1.57,0.17,0.26,0.0,0.14,0.45,0.66,3.26,0.34,0.26,0.01
Odisha,Total,Female,60.88,0.01,7.76,0.31,0.0,13.8,5.86,0.03,0.86,0.06,0.34,0.0,0.12,0.27,0.54,6.98,0.92,0.19,0.26
Odisha,Total,Male,42.59,0.23,6.08,0.55,0.24,22.14,10.77,6.03,2.3,0.5,0.77,0.01,0.43,0.95,1.45,2.7,0.31,0.27,0.05
Odisha,Total,Person,48.31,0.16,6.61,0.47,0.16,19.53,9.24,4.15,1.85,0.36,0.63,0.01,0.34,0.74,1.16,4.04,0.5,0.25,0.12
Odisha,Urban,Female,10.28,0.0,8.35,0.12,0.0,18.99,17.09,0.28,5.42,0.59,2.35,0.0,1.15,1.61,2.77,20.37,3.62,0.0,2.54
Odisha,Urban,Male,3.69,0.56,13.6,0.9,0.74,19.04,23.38,10.34,3.09,1.9,3.23,0.06,1.71,2.82,4.89,5.47,0.87,0.24,0.27
Odisha,Urban,Person,5.25,0.43,12.36,0.72,0.57,19.03,21.89,7.97,3.64,1.59,3.02,0.05,1.58,2.53,4.39,8.98,1.52,0.19,0.8
Chhattisgarh,Rural,Female,85.05,0.05,2.6,0.0,0.09,5.35,4.22,0.0,0.22,0.0,0.0,0.0,0.0,0.0,0.22,0.72,1.33,0.0,0.15
Chhattisgarh,Rural,Male,67.51,0.6,4.33,0.11,0.05,11.35,8.17,2.16,0.43,0.0,0.1,0.0,0.02,0.29,1.11,3.44,0.11,0.04,0.02
Chhattisgarh,Rural,Person,74.63,0.37,3.63,0.07,0.07,8.92,6.56,1.29,0.35,0.0,0.06,0.0,0.01,0.17,0.75,2.34,0.6,0.02,0.07
Chhattisgarh,Total,Female,77.65,0.04,3.55,0.05,0.08,5.63,5.46,0.03,0.71,0.0,0.09,0.0,0.05,0.04,0.53,2.61,1.78,0.01,0.65
Chhattisgarh,Total,Male,56.51,0.81,6.65,0.5,0.04,11.74,10.89,3.09,0.97,0.13,0.33,0.08,0.35,0.49,1.83,3.95,0.49,0.4,0.04
Chhattisgarh,Total,Person,64.65,0.51,5.46,0.32,0.06,9.39,8.8,1.91,0.87,0.08,0.24,0.05,0.23,0.32,1.33,3.44,0.99,0.25,0.28
Chhattisgarh,Urban,Female,18.67,0.0,11.1,0.41,0.0,7.84,15.35,0.24,4.61,0.0,0.81,0.0,0.41,0.37,3.04,17.65,5.41,0.11,4.71
Chhattisgarh,Urban,Male,8.56,1.73,16.75,2.17,0.01,13.42,22.73,7.12,3.32,0.71,1.37,0.43,1.78,1.35,4.98,6.2,2.16,1.97,0.17
Chhattisgarh,Urban,Person,11.31,1.26,15.22,1.69,0.01,11.9,20.73,5.25,3.67,0.52,1.21,0.32,1.41,1.08,4.45,9.31,3.04,1.46,1.4
Chhattisgarh,Rural,Female,86.97,0.0,1.28,0.0,0.0,4.96,1.91,0.1,0.66,0.0,0.0,0.0,0.0,0.0,0.01,1.53,2.23,0.0,0.0
Chhattisgarh,Rural,Male,72.1,0.24,3.85,0.53,0.03,9.06,5.58,2.14,1.51,0.26,0.13,0.09,0.11,0.16,0.56,2.31,0.22,0.03,0.06
Chhattisgarh,Rural,Person,78.41,0.14,2.76,0.3,0.02,7.32,4.03,1.28,1.15,0.15,0.08,0.05,0.06,0.09,0.33,1.98,1.07,0.02,0.03
Chhattisgarh,Total,Female,80.54,0.0,1.94,0.0,0.13,5.2,3.66,0.17,0.93,0.08,0.08,0.04,0.0,0.09,0.31,3.08,2.65,0.0,0.08
Chhattisgarh,Total,Male,60.9,0.78,6.1,0.89,0.1,9.29,9.67,3.07,1.96,0.28,0.34,0.18,0.36,0.44,1.2,2.57,0.5,0.12,0.06
Chhattisgarh,Total,Person,68.79,0.46,4.43,0.53,0.11,7.65,7.25,1.9,1.54,0.2,0.24,0.13,0.22,0.3,0.85,2.77,1.36,0.07,0.07
Chhattisgarh,Urban,Female,14.46,0.0,8.76,0.0,1.49,7.63,21.61,0.82,3.65,0.93,0.86,0.46,0.0,0.98,3.34,19.06,6.93,0.0,0.86
Chhattisgarh,Urban,Male,6.21,3.4,17.05,2.67,0.45,10.39,29.6,7.6,4.14,0.39,1.36,0.66,1.6,1.83,4.35,3.79,1.87,0.57,0.08
Chhattisgarh,Urban,Person,8.35,2.52,14.9,1.98,0.72,9.67,27.53,5.84,4.01,0.53,1.23,0.61,1.18,1.61,4.09,7.75,3.18,0.42,0.28
Madhya Pradesh,Rural,Female,80.19,0.0,5.51,0.0,0.0,6.51,3.31,0.13,0.16,0.0,0.0,0.0,0.0,0.0,0.17,2.76,0.45,0.0,0.29
Madhya Pradesh,Rural,Male,67.67,0.25,3.37,0.1,0.0,15.46,5.15,2.13,0.4,0.06,0.15,0.0,0.08,0.29,1.01,1.41,0.73,0.03,0.06
Madhya Pradesh,Rural,Person,71.09,0.18,3.95,0.08,0.0,13.02,4.65,1.59,0.33,0.04,0.11,0.0,0.05,0.21,0.78,1.78,0.66,0.02,0.13
Madhya Pradesh,Total,Female,69.12,0.0,8.79,0.0,0.0,6.21,4.47,0.18,0.93,0.08,0.11,0.0,0.09,0.07,0.91,5.37,1.04,0.0,1.48
Madhya Pradesh,Total,Male,53.16,0.47,6.17,0.3,0.11,14.89,9.86,3.7,1.32,0.31,0.42,0.14,0.64,0.95,1.99,2.16,0.92,0.1,0.18
Madhya Pradesh,Total,Person,57.21,0.35,6.84,0.23,0.08,12.68,8.49,2.8,1.22,0.25,0.34,0.1,0.5,0.72,1.71,2.98,0.95,0.08,0.51
Madhya Pradesh,Urban,Female,12.6,0.0,25.55,0.0,0.0,4.7,10.36,0.43,4.89,0.46,0.69,0.0,0.52,0.4,4.69,18.71,4.09,0.0,7.56
Madhya Pradesh,Urban,Male,7.8,1.14,14.95,0.93,0.47,13.09,24.6,8.59,4.22,1.1,1.26,0.57,2.39,2.99,5.05,4.52,1.52,0.35,0.55
Madhya Pradesh,Urban,Person,8.7,0.93,16.93,0.76,0.38,11.52,21.94,7.07,4.35,0.98,1.15,0.46,2.04,2.5,4.98,7.17,2.0,0.28,1.86
Madhya Pradesh,Rural,Female,82.38,0.13,6.04,0.0,0.0,5.81,2.01,0.0,0.12,0.0,0.0,0.0,0.02,0.0,0.29,2.11,1.05,0.0,0.04
Madhya Pradesh,Rural,Male,68.72,0.07,4.17,0.18,0.25,13.78,5.2,2.67,0.65,0.06,0.15,0.01,0.02,0.3,1.01,1.35,0.22,0.05,0.01
Madhya Pradesh,Rural,Person,73.34,0.09,4.8,0.12,0.16,11.09,4.12,1.77,0.47,0.04,0.1,0.01,0.02,0.2,0.77,1.61,0.5,0.03,0.02
Madhya Pradesh,Total,Female,70.43,0.28,9.28,0.0,0.18,6.2,5.2,0.09,0.31,0.06,0.18,0.03,0.14,0.19,1.02,4.01,1.32,0.02,0.74
Madhya Pradesh,Total,Male,52.83,0.28,7.04,0.42,0.53,13.76,10.95,3.89,1.66,0.55,0.63,0.23,0.4,0.82,1.6,1.96,0.53,0.12,0.16
Madhya Pradesh,Total,Person,58.35,0.28,7.74,0.29,0.42,11.39,9.15,2.7,1.24,0.4,0.49,0.17,0.32,0.62,1.42,2.6,0.78,0.09,0.34
Madhya Pradesh,Urban,Female,9.71,1.08,25.77,0.0,1.11,8.17,21.42,0.55,1.28,0.36,1.08,0.2,0.76,1.13,4.72,13.61,2.69,0.12,4.31
Madhya Pradesh,Urban,Male,6.19,0.91,15.45,1.11,1.36,13.7,27.82,7.47,4.61,1.99,2.04,0.89,1.5,2.33,3.33,3.77,1.45,0.33,0.61
Madhya Pradesh,Urban,Person,7.0,0.95,17.8,0.86,1.3,12.44,26.36,5.89,3.85,1.62,1.82,0.73,1.33,2.06,3.65,6.02,1.73,0.28,1.45
Gujarat,Rural,Female,83.01,0.38,4.78,0.0,0.0,1.84,1.45,0.0,0.63,0.0,0.0,0.0,0.1,0.0,1.44,3.74,0.46,0.0,1.34
Gujarat,Rural,Male,64.34,0.67,10.41,0.23,0.01,5.62,6.33,4.32,0.78,0.15,0.2,0.0,0.41,0.96,0.8,1.32,0.53,0.03,0.02
Gujarat,Rural,Person,68.67,0.6,9.1,0.18,0.01,4.75,5.2,3.32,0.75,0.12,0.16,0.0,0.34,0.74,0.95,1.88,0.52,0.02,0.32
Gujarat,Total,Female,58.85,0.25,15.29,0.0,0.0,1.93,3.47,0.31,0.84,0.63,3.31,0.0,0.78,0.3,1.3,6.38,1.92,0.07,2.5
Gujarat,Total,Male,38.61,0.71,22.28,0.43,0.07,6.16,12.81,5.98,0.84,0.98,1.63,0.13,1.35,1.27,0.99,1.57,1.17,0.13,0.2
Gujarat,Total,Person,42.77,0.62,20.84,0.34,0.06,5.29,10.89,4.81,0.84,0.91,1.97,0.1,1.23,1.07,1.05,2.56,1.33,0.12,0.67
Gujarat,Urban,Female,10.29,0.0,36.41,0.0,0.0,2.09,7.51,0.93,1.25,1.88,9.98,0.0,2.16,0.92,1.01,11.69,4.84,0.22,4.82
Gujarat,Urban,Male,4.02,0.77,38.25,0.69,0.16,6.87,21.51,8.22,0.92,2.09,3.54,0.29,2.61,1.69,1.25,1.91,2.03,0.28,0.44
Gujarat,Urban,Person,5.08,0.64,37.94,0.58,0.14,6.07,19.16,6.99,0.97,2.06,4.62,0.24,2.53,1.56,1.21,3.55,2.5,0.27,1.17
Gujarat,Rural,Female,88.08,0.0,4.91,0.0,0.0,1.3,1.48,0.0,0.04,0.0,0.0,0.0,0.0,0.01,0.41,2.53,1.09,0.0,0.07
Gujarat,Rural,Male,65.29,0.14,10.71,0.17,0.39,5.51,8.14,4.19,0.5,0.03,0.52,0.0,0.41,0.66,0.61,1.11,0.27,0.02,0.0
Gujarat,Rural,Person,72.67,0.1,8.83,0.12,0.26,4.15,5.99,2.84,0.35,0.02,0.35,0.0,0.28,0.45,0.55,1.57,0.54,0.01,0.02
Gujarat,Total,Female,65.54,0.0,13.3,0.0,0.01,2.43,4.54,0.25,0.59,0.26,1.11,0.0,0.24,0.73,0.89,5.29,2.06,0.05,2.07
Gujarat,Total,Male,38.98,0.27,21.09,0.4,0.43,6.35,14.9,5.44,1.21,0.96,1.28,0.16,1.29,1.15,1.15,1.47,0.78,0.07,0.5
Gujarat,Total,Person,46.24,0.2,18.96,0.29,0.32,5.28,12.07,4.02,1.04,0.77,1.24,0.11,1.0,1.04,1.08,2.51,1.13,0.07,0.93
Gujarat,Urban,Female,7.99,0.0,34.69,0.0,0.04,5.32,12.36,0.88,1.97,0.92,3.95,0.0,0.85,2.57,2.09,12.35,4.53,0.17,7.17
Gujarat,Urban,Male,4.81,0.44,34.58,0.7,0.49,7.43,23.68,7.07,2.14,2.17,2.27,0.36,2.43,1.8,1.84,1.93,1.44,0.15,1.16
Gujarat,Urban,Person,5.43,0.35,34.6,0.56,0.4,7.02,21.46,5.86,2.11,1.93,2.6,0.29,2.12,1.95,1.89,3.98,2.05,0.15,2.34
Maharashtra,Rural,Female,83.77,0.0,4.11,0.0,0.17,0.66,3.57,0.03,0.86,0.06,0.09,0.0,0.0,0.11,0.42,4.06,1.42,0.08,0.17
Maharashtra,Rural,Male,63.59,0.16,6.09,0.16,0.2,7.51,7.86,5.35,1.52,0.12,0.75,0.09,0.34,0.59,1.41,1.53,0.27,0.26,0.16
Maharashtra,Rural,Person,70.26,0.11,5.44,0.11,0.19,5.25,6.45,3.59,1.3,0.1,0.53,0.06,0.23,0.43,1.08,2.36,0.65,0.2,0.16
Maharashtra,Total,Female,61.73,0.01,8.47,0.05,0.21,1.33,5.58,0.33,1.44,1.27,1.6,0.08,1.01,0.75,0.92,6.21,2.82,0.17,4.34
Maharashtra,Total,Male,38.71,0.45,12.36,0.35,0.47,8.37,13.29,7.27,2.38,1.55,1.94,0.33,1.7,1.89,2.36,2.12,1.01,0.52,0.7
Maharashtra,Total,Person,45.34,0.32,11.24,0.27,0.4,6.35,11.07,5.27,2.11,1.47,1.84,0.25,1.5,1.56,1.95,3.29,1.53,0.42,1.75
Maharashtra,Urban,Female,5.44,0.02,19.61,0.18,0.33,3.06,10.71,1.12,2.94,4.35,5.48,0.28,3.6,2.36,2.21,11.7,6.41,0.4,14.99
Maharashtra,Urban,Male,3.09,0.85,21.34,0.63,0.86,9.6,21.05,10.01,3.61,3.61,3.65,0.66,3.63,3.74,3.73,2.96,2.06,0.89,1.47
Maharashtra,Urban,Person,3.6,0.67,20.96,0.53,0.75,8.18,18.81,8.08,3.47,3.77,4.05,0.57,3.63,3.44,3.4,4.86,3.0,0.78,4.4
Maharashtra,Rural,Female,88.48,0.0,4.34,0.0,0.0,0.45,2.07,0.08,0.26,0.0,0.26,0.0,0.0,0.18,0.52,1.82,0.74,0.07,0.39
Maharashtra,Rural,Male,66.84,0.14,6.89,0.18,0.04,6.13,6.7,5.14,0.77,0.26,1.02,0.01,0.24,0.9,1.66,0.82,0.3,0.28,0.1
Maharashtra,Rural,Person,75.04,0.09,5.92,0.11,0.03,3.98,4.95,3.22,0.58,0.16,0.74,0.01,0.15,0.63,1.23,1.2,0.47,0.2,0.21
Maharashtra,Total,Female,65.28,0.0,8.0,0.06,0.14,0.83,7.09,0.47,0.79,1.53,1.51,0.09,0.74,0.86,0.97,4.96,2.05,0.29,3.12
Maharashtra,Total,Male,40.86,0.13,11.47,0.54,0.28,8.09,13.91,6.81,1.8,1.59,2.29,0.26,1.4,2.46,2.32,1.74,0.98,0.46,0.49
Maharashtra,Total,Person,48.98,0.08,10.31,0.38,0.23,5.68,11.65,4.7,1.46,1.57,2.03,0.2,1.18,1.93,1.87,2.81,1.34,0.4,1.36
Maharashtra,Urban,Female,4.23,0.0,17.61,0.22,0.52,1.83,20.31,1.49,2.18,5.55,4.78,0.32,2.69,2.65,2.14,13.21,5.51,0.86,10.28
Maharashtra,Urban,Male,3.3,0.1,18.08,1.05,0.62,10.92,24.34,9.23,3.28,3.51,4.12,0.61,3.07,4.71,3.27,3.08,1.96,0.72,1.06
Maharashtra,Urban,Person,3.53,0.08,17.97,0.84,0.59,8.64,23.33,7.29,3.0,4.02,4.28,0.54,2.98,4.2,2.99,5.63,2.85,0.75,3.37
Andhra Pradesh,Rural,Female,74.08,0.08,7.36,0.0,0.0,4.94,4.73,0.31,2.45,0.0,0.09,0.0,0.17,0.11,0.41,1.58,1.27,0.17,0.53
Andhra Pradesh,Rural,Male,50.37,0.54,7.09,0.47,0.01,13.83,6.38,9.1,1.84,0.44,0.51,0.15,0.32,0.25,2.0,2.23,0.92,0.09,0.38
Andhra Pradesh,Rural,Person,59.7,0.36,7.19,0.29,0.01,10.33,5.73,5.64,2.08,0.27,0.34,0.09,0.26,0.19,1.37,1.97,1.06,0.12,0.44
Andhra Pradesh,Total,Female,59.92,0.06,10.79,0.09,0.16,5.27,6.71,0.39,3.05,0.14,0.23,0.03,0.17,0.15,0.93,4.25,2.32,0.13,2.45
Andhra Pradesh,Total,Male,35.66,0.42,10.49,0.73,0.18,14.04,10.65,9.95,2.82,0.78,1.46,0.44,0.64,0.66,2.54,3.0,1.1,0.15,0.46
Andhra Pradesh,Total,Person,44.35,0.29,10.6,0.5,0.17,10.89,9.24,6.53,2.9,0.55,1.02,0.29,0.47,0.47,1.97,3.45,1.54,0.14,1.17
Andhra Pradesh,Urban,Female,7.64,0.0,23.47,0.41,0.73,6.48,14.05,0.69,5.25,0.65,0.75,0.16,0.16,0.29,2.85,14.1,6.21,0.0,9.52
Andhra Pradesh,Urban,Male,4.86,0.18,17.59,1.26,0.52,14.47,19.58,11.74,4.88,1.5,3.44,1.04,1.32,1.51,3.69,4.62,1.48,0.26,0.62
Andhra Pradesh,Urban,Person,5.61,0.13,19.18,1.03,0.58,12.32,18.09,8.77,4.98,1.27,2.71,0.8,1.01,1.18,3.46,7.17,2.75,0.19,3.02
Andhra Pradesh,Rural,Female,74.68,0.1,6.87,0.0,0.0,5.03,4.86,0.17,0.86,0.0,0.0,0.0,0.01,0.04,2.82,2.25,0.93,0.0,0.19
Andhra Pradesh,Rural,Male,58.3,1.24,5.81,0.32,0.24,10.66,5.75,6.57,0.8,0.39,0.49,0.0,0.49,0.69,1.65,2.56,0.6,0.45,0.0
Andhra Pradesh,Rural,Person,64.38,0.82,6.2,0.2,0.15,8.57,5.42,4.19,0.82,0.25,0.31,0.0,0.31,0.45,2.09,2.44,0.73,0.28,0.07
Andhra Pradesh,Total,Female,60.54,0.09,9.82,0.04,0.17,5.25,8.59,0.32,1.83,0.14,0.51,0.09,0.06,0.16,2.92,4.11,1.55,0.0,1.34
Andhra Pradesh,Total,Male,42.79,1.01,8.78,0.47,0.28,11.96,10.61,7.86,1.65,0.9,0.98,0.22,0.9,1.23,2.46,3.05,0.94,0.5,0.25
Andhra Pradesh,Total,Person,48.96,0.69,9.14,0.32,0.24,9.63,9.91,5.24,1.71,0.64,0.81,0.18,0.61,0.86,2.62,3.42,1.15,0.33,0.63
Andhra Pradesh,Urban,Female,11.6,0.08,20.04,0.18,0.75,6.01,21.47,0.83,5.21,0.61,2.26,0.42,0.22,0.58,3.29,10.55,3.67,0.0,5.33
Andhra Pradesh,Urban,Male,6.4,0.46,15.73,0.81,0.38,15.02,22.02,10.88,3.65,2.09,2.12,0.74,1.86,2.49,4.35,4.21,1.74,0.61,0.82
Andhra Pradesh,Urban,Person,7.88,0.35,16.96,0.63,0.49,12.45,21.86,8.01,4.1,1.67,2.16,0.64,1.39,1.95,4.05,6.02,2.29,0.44,2.11
Karnataka,Rural,Female,73.27,0.08,9.76,0.0,0.0,2.01,4.41,0.13,1.09,0.12,0.06,0.0,0.24,0.0,1.48,5.61,1.2,0.0,0.1
Karnataka,Rural,Male,57.39,0.93,6.17,0.26,0.35,10.52,7.33,8.41,1.66,0.15,0.96,0.05,0.46,0.5,1.22,2.19,0.37,0.08,0.01
Karnataka,Rural,Person,61.57,0.7,7.11,0.19,0.25,8.28,6.56,6.23,1.51,0.14,0.72,0.03,0.4,0.37,1.29,3.09,0.59,0.06,0.03
Karnataka,Total,Female,52.95,0.12,14.86,0.05,0.0,2.14,5.88,0.41,2.12,2.74,0.75,0.17,0.72,0.45,1.37,8.76,2.1,0.05,2.46
Karnataka,Total,Male,37.18,0.66,10.75,0.32,0.33,10.76,12.32,9.47,3.04,3.66,1.97,0.46,0.97,1.16,1.66,2.22,0.73,0.3,0.22
Karnataka,Total,Person,40.97,0.53,11.74,0.26,0.25,8.68,10.77,7.29,2.82,3.44,1.67,0.39,0.91,0.99,1.59,3.79,1.06,0.24,0.76
Karnataka,Urban,Female,5.95,0.19,26.67,0.18,0.0,2.43,9.27,1.06,4.49,8.8,2.34,0.55,1.85,1.48,1.1,16.02,4.16,0.17,7.92
Karnataka,Urban,Male,4.13,0.23,18.25,0.43,0.31,11.15,20.48,11.21,5.29,9.41,3.62,1.13,1.8,2.25,2.39,2.25,1.32,0.67,0.55
Karnataka,Urban,Person,4.5,0.22,19.94,0.38,0.24,9.39,18.22,9.16,5.13,9.28,3.36,1.01,1.81,2.09,2.13,5.03,1.9,0.57,2.04
Karnataka,Rural,Female,78.28,0.0,8.09,0.0,0.08,0.64,3.38,0.19,0.65,0.17,0.71,0.0,0.0,0.0,0.43,5.5,1.82,0.0,0.02
Karnataka,Rural,Male,64.08,0.05,7.75,0.85,0.09,8.11,6.24,5.6,1.7,0.69,0.62,0.0,0.36,0.42,0.87,1.75,0.16,0.2,0.01
Karnataka,Rural,Person,68.88,0.04,7.86,0.56,0.08,5.59,5.27,3.77,1.34,0.52,0.65,0.0,0.24,0.28,0.72,3.01,0.72,0.13,0.01
Karnataka,Total,Female,59.59,0.0,11.98,0.01,0.13,1.52,6.67,0.32,1.64,2.24,1.08,0.05,0.4,0.22,1.01,8.16,3.0,0.0,1.47
Karnataka,Total,Male,41.02,0.06,12.39,0.77,0.17,9.01,12.98,8.31,3.05,3.08,1.39,0.22,0.97,1.12,1.46,2.15,0.71,0.2,0.09
Karnataka,Total,Person,46.58,0.04,12.27,0.54,0.16,6.77,11.09,5.92,2.63,2.83,1.3,0.17,0.8,0.85,1.33,3.95,1.4,0.14,0.5
Karnataka,Urban,Female,10.35,0.0,22.24,0.05,0.28,3.85,15.34,0.66,4.28,7.7,2.05,0.18,1.45,0.8,2.53,15.16,6.11,0.0,5.3
Karnataka,Urban,Male,5.28,0.06,19.58,0.65,0.29,10.4,23.43,12.52,5.14,6.78,2.6,0.56,1.91,2.2,2.39,2.77,1.57,0.21,0.22
Karnataka,Urban,Person,6.45,0.05,20.2,0.51,0.29,8.89,21.57,9.78,4.94,6.99,2.48,0.48,1.8,1.88,2.42,5.63,2.62,0.16,1.39
Goa,Rural,Female,19.34,0.0,12.81,0.0,0.0,0.65,32.2,0.0,6.61,0.0,0.87,0.0,0.0,0.0,2.3,10.42,3.32,0.0,3.97
Goa,Rural,Male,10.61,3.45,13.45,0.0,0.58,9.28,22.54,9.53,10.1,3.85,1.68,0.0,0.35,0.0,5.81,0.68,4.41,0.9,0.32
Goa,Rural,Person,13.09,2.47,13.27,0.0,0.42,6.83,25.29,6.82,9.11,2.75,1.45,0.0,0.25,0.0,4.82,3.45,4.1,0.65,1.35
Goa,Total,Female,11.65,0.0,11.46,0.29,0.0,0.78,23.96,0.55,4.01,0.47,3.31,0.0,2.81,0.43,4.88,12.71,3.33,1.32,11.01
Goa,Total,Male,6.69,1.56,18.33,1.03,0.95,10.17,19.6,10.65,9.63,1.62,1.5,0.2,1.07,2.16,5.51,2.52,3.41,0.6,0.63
Goa,Total,Person,8.09,1.12,16.39,0.82,0.69,7.52,20.83,7.8,8.04,1.29,2.01,0.14,1.56,1.67,5.33,5.4,3.39,0.8,3.56
Goa,Urban,Female,7.48,0.0,10.72,0.45,0.0,0.85,19.49,0.84,2.6,0.72,4.64,0.0,4.34,0.66,6.28,13.96,3.34,2.04,14.83
Goa,Urban,Male,4.59,0.54,20.93,1.59,1.15,10.64,18.02,11.25,9.38,0.43,1.4,0.3,1.45,3.31,5.35,3.51,2.87,0.43,0.79
Goa,Urban,Person,5.41,0.39,18.06,1.27,0.83,7.88,18.43,8.32,7.47,0.51,2.31,0.22,2.26,2.57,5.61,6.45,3.0,0.89,4.74
Goa,Rural,Female,65.05,0.0,7.0,0.0,0.0,1.18,9.95,0.0,1.71,2.18,2.37,0.0,0.0,0.0,3.81,2.23,1.25,1.1,2.17
Goa,Rural,Male,26.73,4.51,9.5,0.57,0.33,10.34,11.78,9.95,7.9,0.57,0.0,0.0,0.28,5.27,5.58,2.18,1.44,0.0,0.92
Goa,Rural,Person,36.93,3.31,8.83,0.42,0.24,7.9,11.29,7.3,6.25,1.0,0.63,0.0,0.21,3.87,5.11,2.19,1.39,0.29,1.25
Goa,Total,Female,26.07,0.04,16.79,0.0,0.0,0.43,15.09,6.68,2.62,1.14,2.13,0.0,0.96,1.39,4.06,10.93,7.26,0.41,3.51
Goa,Total,Male,11.33,2.12,12.5,1.54,0.54,9.74,20.3,11.71,9.93,1.59,1.22,0.23,1.25,3.12,5.93,2.75,1.06,0.63,0.75
Goa,Total,Person,15.28,1.56,13.65,1.13,0.4,7.24,18.91,10.36,7.97,1.47,1.46,0.17,1.17,2.66,5.43,4.94,2.72,0.57,1.49
Goa,Urban,Female,3.39,0.07,22.48,0.0,0.0,0.0,18.09,10.56,3.15,0.54,1.99,0.0,1.51,2.2,4.2,15.99,10.77,0.0,4.29
Goa,Urban,Male,2.24,0.71,14.27,2.11,0.67,9.38,25.34,12.74,11.13,2.2,1.94,0.37,1.82,1.85,6.14,3.08,0.84,1.0,0.65
Goa,Urban,Person,2.55,0.54,16.48,1.54,0.49,6.86,23.38,12.16,8.98,1.75,1.95,0.27,1.74,1.94,5.61,6.56,3.51,0.73,1.63
Lakshadweep,Rural,Female,0.0,0.0,0.0,0.0,0.0,0.0,0.0,0.0,0.0,0.0,0.0,0.0,0.0,0.0,82.47,14.62,2.9,0.0,0.0
Lakshadweep,Rural,Male,30.5,0.0,0.0,0.0,0.0,22.34,0.0,7.42,0.0,0.0,0.0,0.0,0.0,0.0,35.39,0.18,1.05,0.0,0.0
Lakshadweep,Rural,Person,27.22,0.0,0.0,0.0,0.0,19.93,0.0,6.62,0.0,0.0,0.0,0.0,0.0,0.0,40.46,1.74,1.25,0.0,0.0
Lakshadweep,Total,Female,8.38,0.0,11.84,0.0,0.0,0.0,0.0,0.0,0.0,0.0,0.0,0.0,0.0,0.0,16.27,51.5,12.01,0.0,0.0
Lakshadweep,Total,Male,32.8,0.0,3.39,2.61,0.0,19.26,5.01,7.88,1.99,0.0,0.0,0.0,0.0,1.72,16.38,4.47,1.31,0.0,0.0
Lakshadweep,Total,Person,28.77,0.0,4.79,2.18,0.0,16.08,4.19,6.58,1.66,0.0,0.0,0.0,0.0,1.44,16.36,12.24,3.07,0.0,0.0
Lakshadweep,Urban,Female,9.85,0.0,13.93,0.0,0.0,0.0,0.0,0.0,0.0,0.0,0.0,0.0,0.0,0.0,4.62,57.99,13.61,0.0,0.0
Lakshadweep,Urban,Male,33.55,0.0,4.5,3.45,0.0,18.26,6.64,8.02,2.64,0.0,0.0,0.0,0.0,2.28,10.21,5.87,1.39,0.0,0.0
Lakshadweep,Urban,Person,29.23,0.0,6.22,2.82,0.0,14.93,5.43,6.56,2.15,0.0,0.0,0.0,0.0,1.86,9.19,15.37,3.62,0.0,0.0
Lakshadweep,Rural,Female,3.67,0.0,21.75,0.0,0.0,42.74,0.0,0.0,16.03,0.0,0.0,0.0,0.0,0.0,0.0,0.0,15.82,0.0,0.0
Lakshadweep,Rural,Male,61.57,0.0,1.41,0.0,0.3,13.72,0.67,3.94,5.35,0.0,1.5,0.0,10.23,0.1,0.0,0.0,0.53,0.0,0.0
Lakshadweep,Rural,Person,50.14,0.0,5.42,0.0,0.24,19.45,0.54,3.16,7.46,0.0,1.21,0.0,8.21,0.08,0.0,0.0,3.55,0.0,0.0
Lakshadweep,Total,Female,3.71,0.0,16.03,0.0,0.0,9.17,5.85,0.0,3.44,0.0,0.0,0.0,0.0,0.0,26.8,11.7,23.29,0.0,0.0
Lakshadweep,Total,Male,22.02,0.0,4.02,1.53,3.63,16.7,4.07,11.37,2.65,0.0,0.41,0.0,7.97,1.52,15.14,4.35,0.15,0.0,0.0
Lakshadweep,Total,Person,17.65,0.0,6.89,1.17,2.76,14.91,4.49,8.66,2.84,0.0,0.31,0.0,6.07,1.16,17.92,6.1,5.66,0.0,0.0
Lakshadweep,Urban,Female,3.73,0.0,14.47,0.0,0.0,0.0,7.45,0.0,0.0,0.0,0.0,0.0,0.0,0.0,34.13,14.9,25.33,0.0,0.0
Lakshadweep,Urban,Male,7.14,0.0,5.01,2.11,4.88,17.83,5.34,14.16,1.64,0.0,0.0,0.0,7.12,2.06,20.83,5.98,0.0,0.0,0.0
Lakshadweep,Urban,Person,6.27,0.0,7.4,1.58,3.65,13.32,5.88,10.58,1.23,0.0,0.0,0.0,5.32,1.54,24.19,8.24,6.4,0.0,0.0
Kerala,Rural,Female,26.32,0.04,13.32,0.06,0.13,19.99,7.19,0.57,1.16,0.39,5.17,0.0,0.77,0.14,4.01,11.38,4.84,0.24,2.54
Kerala,Rural,Male,29.37,0.64,8.93,0.47,0.12,21.15,14.06,9.77,3.36,0.92,1.93,0.12,1.2,0.97,1.65,1.39,0.97,0.76,0.19
Kerala,Rural,Person,28.42,0.46,10.3,0.34,0.12,20.79,11.92,6.91,2.68,0.76,2.94,0.08,1.06,0.71,2.38,4.5,2.17,0.6,0.92
Kerala,Total,Female,18.99,0.09,14.73,0.21,0.26,15.53,9.21,1.04,2.21,1.61,5.57,0.0,1.59,0.49,3.64,12.96,6.35,0.35,3.52
Kerala,Total,Male,20.97,0.44,10.47,0.64,0.27,21.28,16.48,10.79,3.7,1.42,2.3,0.21,1.64,1.25,1.95,1.73,1.19,0.88,0.18
Kerala,Total,Person,20.36,0.33,11.77,0.51,0.26,19.53,14.27,7.83,3.25,1.48,3.29,0.15,1.63,1.02,2.47,5.15,2.76,0.72,1.2
Kerala,Urban,Female,9.68,0.14,16.53,0.39,0.42,9.87,11.76,1.65,3.55,3.17,6.06,0.0,2.64,0.95,3.16,14.97,8.27,0.48,4.76
Kerala,Urban,Male,11.0,0.2,12.29,0.83,0.44,21.43,19.36,12.0,4.11,2.0,2.74,0.31,2.17,1.6,2.32,2.14,1.45,1.02,0.18
Kerala,Urban,Person,10.61,0.19,13.55,0.7,0.43,18.0,17.11,8.93,3.94,2.35,3.72,0.22,2.31,1.4,2.57,5.94,3.47,0.86,1.54
Kerala,Rural,Female,33.95,0.08,9.85,0.0,0.26,18.3,8.5,0.71,2.64,1.35,3.85,0.26,0.96,0.32,1.9,9.21,4.87,0.27,1.31
Kerala,Rural,Male,28.8,0.56,8.51,0.25,0.0,22.35,12.94,8.87,2.21,1.42,2.32,0.55,0.92,0.65,1.62,2.84,0.61,1.29,0.05
Kerala,Rural,Person,30.57,0.4,8.97,0.16,0.09,20.96,11.42,6.06,2.36,1.39,2.84,0.45,0.93,0.54,1.71,5.03,2.08,0.94,0.48
Kerala,Total,Female,23.84,0.11,12.18,0.0,0.43,14.85,11.42,0.81,3.14,1.92,4.72,0.15,1.31,0.83,2.73,11.13,5.97,0.18,2.22
Kerala,Total,Male,20.95,0.34,9.83,0.5,0.13,21.57,16.87,9.66,3.07,1.95,2.68,0.44,1.53,0.94,1.61,2.82,1.03,1.15,0.07
Kerala,Total,Person,21.89,0.26,10.59,0.34,0.23,19.4,15.11,6.8,3.09,1.94,3.34,0.35,1.46,0.9,1.97,5.51,2.63,0.84,0.77
Kerala,Urban,Female,10.27,0.15,15.31,0.0,0.66,10.21,15.34,0.94,3.8,2.69,5.89,0.0,1.77,1.51,3.85,13.71,7.44,0.05,3.44
Kerala,Urban,Male,12.41,0.09,11.27,0.78,0.28,20.73,21.15,10.52,4.0,2.53,3.08,0.32,2.19,1.24,1.6,2.8,1.49,1.01,0.1
Kerala,Urban,Person,11.77,0.11,12.48,0.54,0.39,17.59,19.41,7.66,3.94,2.57,3.92,0.23,2.06,1.32,2.27,6.06,3.27,0.72,1.1
Tamil Nadu,Rural,Female,50.61,0.2,13.95,0.0,0.2,20.48,4.87,0.03,1.58,0.14,0.32,0.0,0.03,0.84,0.97,3.25,1.48,0.06,0.43
Tamil Nadu,Rural,Male,38.14,0.16,13.55,0.69,0.35,16.81,9.62,8.08,2.87,0.62,0.85,0.26,0.51,1.61,1.7,2.01,0.35,0.16,0.34
Tamil Nadu,Rural,Person,43.1,0.17,13.71,0.41,0.29,18.27,7.73,4.88,2.36,0.43,0.64,0.15,0.32,1.3,1.41,2.51,0.8,0.12,0.37
Tamil Nadu,Total,Female,35.69,0.16,19.27,0.1,0.17,14.93,7.93,0.14,2.13,1.64,0.96,0.05,0.78,1.29,1.22,6.58,2.23,0.13,3.17
Tamil Nadu,Total,Male,22.71,0.23,18.45,0.6,0.48,14.57,13.12,9.18,3.6,2.91,1.89,0.39,1.32,2.1,2.02,2.32,0.8,0.71,0.64
Tamil Nadu,Total,Person,27.26,0.2,18.74,0.43,0.37,14.7,11.3,6.01,3.08,2.47,1.57,0.27,1.13,1.81,1.74,3.81,1.3,0.51,1.53
Tamil Nadu,Urban,Female,8.35,0.09,29.02,0.28,0.11,4.77,13.54,0.35,3.13,4.4,2.14,0.14,2.16,2.1,1.67,12.69,3.61,0.27,8.2
Tamil Nadu,Urban,Male,5.38,0.31,23.95,0.51,0.62,12.06,17.06,10.42,4.41,5.48,3.06,0.54,2.22,2.64,2.37,2.66,1.3,1.33,0.99
Tamil Nadu,Urban,Person,6.24,0.25,25.41,0.44,0.47,9.96,16.04,7.52,4.05,5.17,2.79,0.42,2.2,2.49,2.17,5.55,1.97,1.02,3.07
Tamil Nadu,Rural,Female,57.37,0.02,12.19,0.01,0.13,17.68,4.21,0.14,1.43,0.12,0.44,0.0,0.0,0.36,1.4,2.65,1.39,0.12,0.18
Tamil Nadu,Rural,Male,40.51,0.56,11.95,0.53,0.24,18.16,9.42,7.77,2.6,0.54,0.98,0.24,0.75,0.51,1.19,1.5,0.16,0.46,0.0
Tamil Nadu,Rural,Person,47.22,0.35,12.04,0.32,0.2,17.97,7.34,4.74,2.13,0.37,0.77,0.15,0.45,0.45,1.27,1.96,0.65,0.33,0.07
Tamil Nadu,Total,Female,39.68,0.06,18.83,0.13,0.29,13.44,8.55,0.21,2.46,1.29,1.34,0.0,0.63,0.56,1.69,5.9,2.59,0.08,1.58
Tamil Nadu,Total,Male,24.69,0.49,16.14,0.76,0.55,15.48,14.76,9.41,3.57,2.22,1.96,0.49,1.4,1.16,1.33,1.85,0.58,0.45,0.26
Tamil Nadu,Total,Person,30.05,0.34,17.1,0.53,0.46,14.75,12.54,6.12,3.17,1.88,1.74,0.32,1.13,0.94,1.46,3.3,1.3,0.32,0.73
Tamil Nadu,Urban,Female,9.49,0.13,30.15,0.33,0.55,6.22,15.97,0.33,4.22,3.29,2.87,0.0,1.72,0.9,2.19,11.43,4.65,0.0,3.97
Tamil Nadu,Urban,Male,6.76,0.41,20.88,1.01,0.9,12.44,20.81,11.25,4.67,4.11,3.08,0.78,2.14,1.9,1.48,2.25,1.05,0.44,0.55
Tamil Nadu,Urban,Person,7.6,0.33,23.71,0.8,0.79,10.54,19.33,7.92,4.54,3.86,3.01,0.54,2.01,1.59,1.7,5.05,2.15,0.3,1.59
Puducherry,Rural,Female,38.51,0.0,34.11,0.0,0.13,8.39,0.63,1.11,0.18,0.0,0.0,0.0,0.0,0.0,0.0,6.95,0.57,0.0,8.18
Puducherry,Rural,Male,14.63,0.18,17.57,0.0,0.51,26.33,9.57,9.75,2.8,3.46,1.18,0.0,0.87,0.0,0.04,8.4,0.08,0.0,1.19
Puducherry,Rural,Person,23.68,0.11,23.84,0.0,0.37,19.53,6.18,6.47,1.81,2.15,0.73,0.0,0.54,0.0,0.03,7.85,0.27,0.0,3.84
Puducherry,Total,Female,20.16,0.0,28.68,0.0,0.06,6.1,5.83,0.52,1.72,3.16,0.41,0.0,0.65,0.78,0.81,13.15,6.25,0.56,9.09
Puducherry,Total,Male,11.22,0.07,17.08,0.4,0.24,16.97,14.05,8.06,2.01,4.52,3.3,0.33,2.28,3.64,4.69,4.97,2.63,0.34,0.63
Puducherry,Total,Person,14.13,0.05,20.85,0.27,0.18,13.43,11.37,5.6,1.92,4.08,2.36,0.22,1.74,2.71,3.43,7.63,3.81,0.41,3.38
Puducherry,Urban,Female,3.77,0.0,23.82,0.0,0.0,4.05,10.47,0.0,3.09,5.98,0.78,0.0,1.22,1.48,1.53,18.69,11.33,1.06,9.89
Puducherry,Urban,Male,9.19,0.0,16.79,0.64,0.08,11.39,16.72,7.05,1.55,5.15,4.56,0.52,3.11,5.8,7.46,2.92,4.15,0.54,0.3
Puducherry,Urban,Person,7.62,0.0,18.82,0.45,0.05,9.27,14.91,5.01,1.99,5.39,3.47,0.37,2.57,4.55,5.74,7.48,6.22,0.69,3.07
Puducherry,Rural,Female,44.06,0.0,25.81,0.0,0.0,4.93,10.11,0.0,0.67,0.14,0.0,0.0,0.0,1.13,1.82,1.48,3.77,0.0,5.8
Puducherry,Rural,Male,35.55,0.0,19.03,0.0,0.0,10.46,4.44,6.72,3.35,1.6,0.61,0.0,0.1,2.33,9.39,2.33,0.61,0.0,0.0
Puducherry,Rural,Person,38.35,0.0,21.26,0.0,0.0,8.64,6.31,4.51,2.47,1.12,0.41,0.0,0.07,1.94,6.89,2.05,1.65,0.0,1.91
Puducherry,Total,Female,19.36,0.0,20.99,0.0,0.0,2.94,13.26,0.16,1.71,3.01,2.11,0.0,0.0,1.06,1.95,15.76,7.45,0.28,9.16
Puducherry,Total,Male,14.17,0.55,20.3,0.16,0.33,11.47,16.76,7.75,3.64,2.06,2.91,0.12,1.77,1.71,6.49,3.64,2.18,0.72,0.25
Puducherry,Total,Person,15.71,0.38,20.5,0.11,0.23,8.94,15.72,5.49,3.06,2.34,2.68,0.08,1.25,1.52,5.14,7.23,3.74,0.59,2.89
Puducherry,Urban,Female,2.58,0.0,17.71,0.0,0.0,1.59,15.4,0.26,2.41,4.96,3.55,0.0,0.0,1.0,2.04,25.45,9.96,0.47,11.44
Puducherry,Urban,Male,2.79,0.84,20.98,0.24,0.51,12.0,23.31,8.29,3.79,2.3,4.14,0.18,2.66,1.38,4.94,4.33,3.01,1.11,0.38
Puducherry,Urban,Person,2.73,0.6,20.07,0.18,0.37,9.11,21.11,6.06,3.4,3.04,3.98,0.13,1.92,1.28,4.14,10.2,4.94,0.93,3.46
Andaman And Nicobar Islands,Rural,Female,6.97,0.0,5.6,0.0,0.0,16.5,12.96,0.71,3.39,0.0,0.85,0.0,0.0,0.0,20.63,17.22,11.36,0.0,3.53
Andaman And Nicobar Islands,Rural,Male,20.68,0.0,8.52,1.28,0.35,23.47,7.11,6.15,0.69,2.89,0.15,0.0,1.65,4.05,17.11,1.43,1.17,0.0,0.0
Andaman And Nicobar Islands,Rural,Person,17.63,0.0,7.87,1.0,0.27,21.92,8.41,4.94,1.29,2.25,0.3,0.0,1.28,3.15,17.89,4.94,3.44,0.0,0.79
Andaman And Nicobar Islands,Total,Female,5.47,0.0,4.87,0.0,0.0,10.98,17.32,0.75,3.06,1.42,0.87,0.0,1.11,0.0,21.34,17.1,8.25,0.0,7.28
Andaman And Nicobar Islands,Total,Male,12.66,0.0,7.77,1.28,0.54,20.47,10.94,6.99,3.99,2.16,0.34,0.26,1.59,4.81,21.01,1.57,0.99,0.0,0.22
Andaman And Nicobar Islands,Total,Person,11.22,0.0,7.19,1.03,0.43,18.57,12.22,5.74,3.8,2.01,0.44,0.21,1.5,3.85,21.08,4.68,2.45,0.0,1.63
Andaman And Nicobar Islands,Urban,Female,2.95,0.0,3.64,0.0,0.0,1.74,24.64,0.8,2.5,3.81,0.91,0.0,2.98,0.0,22.55,16.89,3.03,0.0,13.57
Andaman And Nicobar Islands,Urban,Male,2.91,0.0,6.87,1.29,0.77,16.83,15.59,8.01,8.0,1.27,0.57,0.58,1.52,5.73,25.76,1.75,0.78,0.0,0.48
Andaman And Nicobar Islands,Urban,Person,2.92,0.0,6.32,1.07,0.64,14.24,17.14,6.77,7.05,1.7,0.63,0.48,1.77,4.74,25.2,4.35,1.17,0.0,2.73
Andaman And Nicobar Islands,Rural,Female,20.69,0.0,2.48,1.01,0.0,15.6,8.01,0.5,1.3,0.0,0.0,0.0,0.0,0.0,15.39,17.66,12.75,0.0,3.51
Andaman And Nicobar Islands,Rural,Male,27.12,0.0,6.91,4.6,3.44,21.75,5.21,15.93,0.98,0.0,0.09,0.0,0.87,0.64,7.95,3.81,0.62,0.0,0.0
Andaman And Nicobar Islands,Rural,Person,25.41,0.0,5.73,3.65,2.52,20.12,5.96,11.82,1.07,0.0,0.06,0.0,0.64,0.47,9.94,7.5,3.85,0.0,0.93
Andaman And Nicobar Islands,Total,Female,12.98,0.0,4.24,0.94,0.0,10.12,16.86,0.73,2.11,0.0,1.52,0.0,1.3,0.0,17.23,15.25,12.4,0.0,3.59
Andaman And Nicobar Islands,Total,Male,16.05,0.0,6.95,3.09,2.23,22.69,8.14,15.27,2.4,0.41,0.09,0.0,0.85,2.04,13.79,3.36,0.92,0.06,0.35
Andaman And Nicobar Islands,Total,Person,15.29,0.0,6.28,2.56,1.68,19.57,10.31,11.66,2.33,0.31,0.45,0.0,0.96,1.53,14.64,6.32,3.77,0.05,1.16
Andaman And Nicobar Islands,Urban,Female,0.77,0.0,7.02,0.84,0.0,1.44,30.87,1.09,3.4,0.0,3.94,0.0,3.35,0.0,20.14,11.43,11.85,0.0,3.73
Andaman And Nicobar Islands,Urban,Male,2.08,0.0,7.0,1.18,0.71,23.88,11.85,14.45,4.19,0.94,0.1,0.0,0.83,3.81,21.15,2.81,1.3,0.14,0.79
Andaman And Nicobar Islands,Urban,Person,1.79,0.0,7.01,1.1,0.55,18.84,16.12,11.45,4.02,0.73,0.96,0.0,1.4,2.96,20.92,4.74,3.67,0.11,1.45
Telangana,Rural,Female,70.64,0.1,14.13,0.0,0.0,4.81,2.68,0.0,0.19,0.0,0.05,0.0,0.0,0.7,0.37,3.58,0.55,0.0,0.15
Telangana,Rural,Male,63.67,0.14,7.31,0.03,0.12,8.38,5.11,6.57,0.13,0.7,0.27,0.66,0.4,0.52,1.63,1.84,0.08,0.45,0.26
Telangana,Rural,Person,66.62,0.12,10.2,0.02,0.07,6.86,4.08,3.78,0.16,0.4,0.18,0.38,0.23,0.6,1.09,2.58,0.28,0.26,0.21
Telangana,Total,Female,54.74,0.09,16.6,0.14,0.05,5.72,4.21,0.31,0.61,1.34,0.58,0.08,0.4,0.76,0.56,5.29,1.99,0.0,4.08
Telangana,Total,Male,37.45,0.73,10.82,0.29,0.31,10.28,11.29,7.95,1.36,2.72,1.23,0.98,1.54,1.94,2.04,2.37,0.98,0.85,2.24
Telangana,Total,Person,43.56,0.51,12.86,0.23,0.22,8.67,8.79,5.25,1.09,2.23,1.0,0.66,1.13,1.52,1.52,3.4,1.33,0.55,2.89
Telangana,Urban,Female,2.96,0.08,24.64,0.59,0.19,8.71,9.19,1.31,1.97,5.72,2.31,0.32,1.71,0.96,1.21,10.84,6.68,0.0,16.89
Telangana,Urban,Male,2.89,1.51,15.45,0.62,0.56,12.79,19.43,9.78,2.97,5.38,2.49,1.39,3.04,3.8,2.59,3.06,2.17,1.38,4.86
Telangana,Urban,Person,2.9,1.19,17.55,0.61,0.48,11.85,17.08,7.84,2.74,5.45,2.45,1.15,2.73,3.15,2.27,4.84,3.2,1.06,7.62
Telangana,Rural,Female,70.5,0.0,12.19,0.0,0.22,5.02,3.34,0.09,0.16,0.31,0.0,0.0,0.01,0.0,0.11,6.37,1.2,0.0,0.02
Telangana,Rural,Male,70.96,0.13,4.63,0.0,0.17,5.67,5.61,5.39,0.3,0.14,0.25,0.24,0.16,0.54,1.77,1.58,0.27,0.59,0.01
Telangana,Rural,Person,70.76,0.07,7.93,0.0,0.19,5.38,4.62,3.08,0.24,0.21,0.14,0.13,0.09,0.31,1.05,3.67,0.67,0.33,0.02
Telangana,Total,Female,56.26,0.04,13.42,0.0,0.17,4.97,8.89,0.21,0.69,1.19,0.19,0.22,0.47,0.39,0.63,7.88,2.11,0.05,1.19
Telangana,Total,Male,43.69,0.96,9.04,0.16,0.24,7.62,13.32,7.73,1.08,2.92,1.12,0.93,1.42,0.94,2.51,2.2,1.18,0.65,0.45
Telangana,Total,Person,48.43,0.61,10.69,0.1,0.21,6.62,11.65,4.89,0.93,2.27,0.77,0.66,1.06,0.73,1.8,4.34,1.53,0.42,0.73
Telangana,Urban,Female,9.47,0.15,17.45,0.0,0.0,4.81,27.1,0.59,2.42,4.1,0.82,0.95,1.97,1.66,2.33,12.83,5.1,0.21,5.04
Telangana,Urban,Male,2.78,2.22,15.66,0.41,0.34,10.56,24.9,11.22,2.25,7.09,2.44,1.97,3.3,1.53,3.62,3.14,2.54,0.74,1.11
Telangana,Urban,Person,4.53,1.68,16.13,0.3,0.25,9.06,25.47,8.45,2.29,6.31,2.01,1.7,2.95,1.56,3.29,5.67,3.21,0.6,2.14
Ladakh,Rural,Female,80.27,0.0,9.6,0.28,0.0,0.09,0.3,0.0,0.0,0.0,0.0,0.0,0.3,0.0,1.53,4.68,2.77,0.0,0.0
Ladakh,Rural,Male,28.54,0.08,7.72,0.58,1.25,24.26,12.5,6.9,1.93,0.51,0.79,0.0,0.31,0.84,5.68,6.28,0.77,0.16,0.02
Ladakh,Rural,Person,44.59,0.05,8.31,0.49,0.86,16.76,8.72,4.76,1.33,0.35,0.54,0.0,0.3,0.58,4.39,5.78,1.39,0.11,0.01
Ladakh,Total,Female,74.42,0.0,10.55,0.26,0.11,0.31,0.57,0.01,0.04,0.01,0.08,0.0,0.28,0.1,1.86,7.51,3.55,0.0,0.07
Ladakh,Total,Male,23.59,0.08,8.51,0.69,1.28,22.16,15.91,7.51,2.26,0.57,1.15,0.04,0.58,0.96,6.38,5.97,1.1,0.2,0.06
Ladakh,Total,Person,38.13,0.06,9.1,0.57,0.94,15.91,11.52,5.36,1.62,0.41,0.85,0.03,0.49,0.72,5.09,6.41,1.8,0.14,0.06
Ladakh,Urban,Female,24.05,0.0,18.77,0.14,1.04,2.19,2.82,0.09,0.41,0.11,0.78,0.0,0.06,0.9,4.69,31.86,10.3,0.02,0.72
Ladakh,Urban,Male,4.03,0.11,11.63,1.11,1.39,13.88,29.37,9.88,3.54,0.8,2.6,0.2,1.67,1.43,9.16,4.78,2.4,0.37,0.22
Ladakh,Urban,Person,7.45,0.09,12.85,0.95,1.33,11.88,24.83,8.21,3.0,0.68,2.29,0.17,1.4,1.34,8.4,9.41,3.75,0.31,0.3
Ladakh,Rural,Female,81.21,0.0,5.91,0.0,0.0,0.0,0.0,0.0,0.0,0.0,0.0,0.0,0.0,7.11,0.0,0.0,5.77,0.0,0.0
Ladakh,Rural,Male,23.87,0.0,0.0,0.3,6.47,21.98,14.85,5.43,0.0,0.77,1.7,0.0,0.0,0.0,9.61,15.03,0.0,0.0,0.0
Ladakh,Rural,Person,45.77,0.0,2.26,0.19,4.0,13.59,9.18,3.35,0.0,0.48,1.05,0.0,0.0,2.72,5.94,9.29,2.2,0.0,0.0
Ladakh,Total,Female,74.52,0.0,5.83,0.0,0.0,0.68,1.02,0.0,1.57,0.0,0.0,0.0,0.0,7.05,1.65,1.3,6.38,0.0,0.0
Ladakh,Total,Male,21.98,0.0,0.0,0.26,5.58,20.66,15.11,8.88,1.36,0.66,1.47,0.0,0.03,0.49,10.03,12.96,0.21,0.21,0.0
Ladakh,Total,Person,41.7,0.0,2.19,0.16,3.49,13.16,9.82,5.55,1.44,0.41,0.92,0.0,0.02,2.96,6.88,8.58,2.52,0.13,0.0
Ladakh,Urban,Female,22.24,0.0,5.21,0.0,0.0,5.98,8.97,0.0,13.87,0.0,0.0,0.0,0.0,6.59,14.59,11.45,11.1,0.0,0.0
Ladakh,Urban,Male,10.09,0.0,0.0,0.0,0.0,12.34,16.81,30.57,9.93,0.0,0.0,0.0,0.24,3.6,12.67,0.0,1.51,1.51,0.0
Ladakh,Urban,Person,14.12,0.0,1.73,0.0,0.0,10.23,14.21,20.43,11.23,0.0,0.0,0.0,0.16,4.59,13.31,3.8,4.69,1.01,0.0
The Dadra And Nagar Haveli And Daman And Diu,Rural,Female,58.9141209807,0.0,21.3425309844,0.0,0.0,0.7167855119,6.2329111741,0.0,4.7744080325,0.0,0.0,0.0,0.0,0.0902372798,0.1984181348,4.1460795861,3.0605477393,0.0,0.5314803499
The Dadra And Nagar Haveli And Daman And Diu,Rural,Male,17.5956900333,0.0,48.2412630282,0.0,0.0526384132,10.5631235678,10.6317306887,7.0086896637,1.3931472219,0.0,0.0,0.0,0.1353559197,0.1041695208,1.1103447086,1.0939039054,2.0699433288,0.0,0.0
The Dadra And Nagar Haveli And Daman And Diu,Rural,Person,33.222569915,0.0,38.2426820254,0.0,0.0300790933,6.8658753234,9.4959002094,5.1394298386,1.7654185044,0.0,0.0,0.0,0.0827175065,0.1243277073,0.8474690156,1.6503954663,2.4484913145,0.0,0.0721638536
The Dadra And Nagar Haveli And Daman And Diu,Total,Female,34.8471043826,0.0,48.3951507779,0.0,0.0,0.1326147786,6.615042746,0.0,1.0345160114,0.0,0.0,0.0,1.8211501203,2.7008534541,0.0372979065,1.606299876,1.8738522138,0.0,0.8892714275
The Dadra And Nagar Haveli And Daman And Diu,Total,Male,5.6358407615,0.0,65.2926495001,0.0175673645,0.3454915019,5.7643038149,9.462712452,5.6084254867,1.1614421183,0.0,0.5035977825,0.0414421183,0.3337799256,0.5581137939,3.3777870743,0.4940493836,1.3910853454,0.0,0.0058557882
The Dadra And Nagar Haveli And Daman And Diu,Total,Person,12.8788169812,0.0,60.655157269,0.0117115763,0.2635104676,4.5291765993,8.9137029692,4.3095183455,1.0940568969,0.0,0.3806262309,0.0331536947,0.696838792,0.8762275878,2.8145385514,0.7318862061,1.5819810344,0.0,0.2115294332
The Dadra And Nagar Haveli And Daman And Diu,Urban,Female,6.2938822988,0.0,71.5416938034,0.0,0.0,0.0,8.5028539858,0.0,0.1963915725,0.0,0.0,0.0,6.3920780851,3.8279633188,0.0,0.2945873587,0.1262517252,0.0,2.6793421673
The Dadra And Nagar Haveli And Daman And Diu,Urban,Male,0.2431514707,0.0,72.4643116531,0.0233799491,0.4535710126,3.4597577203,9.633576836,4.7554816478,1.0778786767,0.0,0.6920464935,0.0638881222,0.3974591348,0.8012448245,4.6217628099,0.1963915725,1.1073941173,0.0,0.0093519796
The Dadra And Nagar Haveli And Daman And Diu,Urban,Person,0.9305219743,0.0,72.6357711547,0.0233799491,0.4021351246,2.9621213233,9.4446443982,4.2177428184,0.965146748,0.0,0.6125546665,0.0532401018,1.0754776588,1.2936458424,3.9054736698,0.2104195419,0.9457297508,0.0,0.313291318
The Dadra And Nagar Haveli And Daman And Diu,Rural,Female,74.585302698,0.0,14.2526785758,0.0,0.0,2.0679376617,2.2806729087,1.240762597,0.684542565,0.0,0.0,0.0,0.0,0.0,0.503486017,3.3529217691,0.0,0.0,0.6870227917
The Dadra And Nagar Haveli And Daman And Diu,Rural,Male,27.0209727732,0.0,44.9125474929,0.120316373,0.6842993717,10.7697225576,2.5023846249,6.9514909449,2.108627079,0.0,1.5866721695,0.0,0.0,0.0,2.1548931871,0.3890508809,0.7369377849,0.0520847604,0.0
The Dadra And Nagar Haveli And Daman And Diu,Rural,Person,47.6776377972,0.0,32.0943843785,0.0676779598,0.3835084391,7.088039177,2.3460004928,4.4454007638,1.4285763213,0.0,0.8873332512,0.0,0.0,0.0,1.6778196378,1.1926443267,0.4135875323,0.039683627,0.1860170014
The Dadra And Nagar Haveli And Daman And Diu,Total,Female,48.3748914569,0.0,22.0395662707,0.0,0.0,1.2414270916,6.028450872,0.7436850973,1.2013698301,0.0,1.2764172442,0.0,0.0,0.5621556641,0.1657684733,9.5331987747,1.7274575096,0.0,4.5752098624
The Dadra And Nagar Haveli And Daman And Diu,Total,Male,11.43713079,0.3162125611,64.5528466699,0.7189296813,0.2622504924,4.9559055364,5.2387700782,5.036322416,1.3144211832,0.2693737691,1.0615294332,0.5972903931,0.0,0.3689146546,0.968295937,1.7563073893,0.8063947042,0.0124326355,0.0
The Dadra And Nagar Haveli And Daman And Diu,Total,Person,22.0728813915,0.2225199504,52.9649751259,0.5538822672,0.185404187,3.9056435917,5.3421134293,3.9693812824,1.2567665038,0.2072105916,1.0596432271,0.4216167481,0.0,0.4274725363,0.768565395,3.6963149027,1.0997230286,0.0124326355,1.0194761106
The Dadra And Nagar Haveli And Daman And Diu,Urban,Female,16.3655190627,0.0,30.6335670236,0.0,0.0,0.0,9.9875949931,0.0,1.6410025448,0.0,2.049743919,0.0,0.0,1.9545637451,0.0,20.5437050366,5.9946189503,0.0,6.9691293246
The Dadra And Nagar Haveli And Daman And Diu,Urban,Male,5.2377860566,0.4255150737,72.2996770671,1.0381819849,0.0692121323,2.2639531396,6.5970632064,4.3177348404,1.0328579748,0.4046247736,0.8249044682,0.7949182695,0.0,0.495654921,0.5748158371,2.3305593892,0.8174079186,0.0,0.0
The Dadra And Nagar Haveli And Daman And Diu,Urban,Person,6.937380316,0.364727206,65.2931456474,0.8198975676,0.0532401018,1.9143214654,7.2709001124,3.4244573237,1.1527181274,0.3194406108,1.1069371604,0.6826945138,0.0,0.6967224833,0.4741678168,5.3015383204,1.4990860863,0.0,1.48539884
